,0,1,,,,Android version at release,Developer,Model,Ref.,Release date,
0,,,,,,"Android 4.0 ""Ice Cream Sandwich""",Asus,Asus PadFone,[1],2012/06,
1,,,,,,"Android 4.0 ""Ice Cream Sandwich""",Asus,Asus PadFone 2,[2],2012/10,
2,,,,,,"Android 4.1 ""Jelly Bean""",Asus,Asus PadFone Infinity,[3],2013/04,
3,,,,,,"Android 4.1 ""Jelly Bean""",Asus,Asus PadFone Infinity 2,[4],2013/10,
4,,,,,,"Android 4.1 ""Jelly Bean""",Asus,Asus PadFone mini,[5],2013/12,
5,,,,,,"Android 4.1 ""Jelly Bean""",Asus,Asus PadFone E,[6],2014/01,
6,,,,,,"Android 4.1 ""Jelly Bean""",Asus,Asus PadFone Infinity Lite,[7],2014/02,
7,,,,,,"Android 4.1 ""Jelly Bean""",Asus,Asus ZenFone 5 (2014),[8],2014/04,
8,,,,,,"Android 4.1 ""Jelly Bean""",Asus,Asus ZenFone 4 (2014),[9],2014/05,
9,,,,,,"Android 4.1 ""Jelly Bean""",Asus,Asus ZenFone 6 (2014),[10],2014/05,
10,,,,,,"Android 4.4 ""KitKat""",Asus,Asus PadFone S/X,[11][12],2014/06,
11,,,,,,"Android 4.4 ""KitKat""",Asus,Asus ZenFone 4.5 (2014),[13],2014/07,
12,,,,,,"Android 4.4 ""KitKat""",Asus,Asus ZenFone 5 (2014),[14],2014/07,
13,,,,,,"Android 4.4 ""KitKat""",Asus,Asus PadFone X mini,[15],2014/10,
14,,,,,,"Android 4.4 ""KitKat""",Asus,Asus Pegasus (X002),[16],2014/12,
15,,,,,,"Android 4.1 ""Jelly Bean""",Asus,Asus ZenFone 5 (2015),[17],2015/01,
16,,,,,,"Android 5.0 ""Lollipop""",Asus,Asus ZenFone 2,[18][19][20],2015/03,
17,,,,,,"Android 6.0 ""Marshmallow""",Asus,Asus ZenFone 3,[21][22],2016/08,
18,,,,,,"Android 7.0 ""Nougat""",Asus,Asus ZenFone 4,[23],2017/10,
19,,,,,,"Android 7.0 ""Nougat""",Asus,Asus ZenFone Max Plus M1,[24],2017/11,
20,,,,,,"Android 8.0 ""Oreo""",Asus,Asus ZenFone Max M1,[25][26],2018/05,
21,,,,,,"Android 8.0 ""Oreo""",Asus,Asus ZenFone Max Pro M1,[27],2018/05,
22,,,,,,"Android 8.0 ""Oreo""",Asus,Asus ZenFone 5,[28],2018/05,
23,,,,,,"Android 8.0 ""Oreo""",Asus,Asus ZenFone Live L1,[29],2018/05,
25,,,,,,"Android 8.0 ""Oreo""",Asus,Asus ZenFone Lite L1,[31],2018/10,
26,,,,,,"Android 9.0 ""Pie""",Asus,Asus ZenFone Max M2,[32],2018/12,
27,,,,,,"Android 9.0 ""Pie""",Asus,Asus ZenFone Max Pro M2,[33],2018/12,
28,,,,,,"Android 8.0 ""Oreo""",Asus,Asus ZenFone Max Shot,[34],2019/03,
29,,,,,,"Android 8.0 ""Oreo""",Asus,Asus ZenFone Max Plus M2,[35],2019/03,
30,,,,,,"Android 8.0 ""Oreo""",Asus,Asus ZenFone Live L2,[36],2019/05,
31,,,,,,"Android 9.0 ""Pie""",Asus,Asus ZenFone 6,[37],2019/05,
32,,,,,,"Android 9.0 ""Pie""",Asus,Asus ROG Phone II,[38],2019/09,
33,,,,,,Android 10,Asus,Asus ROG Phone 3,[39][40],2020/08,
34,,,,,,Android 10,Asus,Asus ZenFone 7,[41][42],2020/09,
35,,,,,,Android 11,Asus,Asus ROG Phone 5,[43][44][45],2021/03,
36,,,,,,Android 11,Asus,Asus ZenFone 8,[46][47],2021/05,
0,,,,,,"Android 5.0 ""Lollipop""",BlackBerry,BlackBerry Priv,[48],2015/11,
1,,,,,,"Android 6.0 ""Marshmallow""",BlackBerry,BlackBerry DTEK50,[49],2016/08,
2,,,,,,"Android 6.0 ""Marshmallow""",BlackBerry,BlackBerry DTEK60,[50],2016/10,
3,,,,,,"Android 7.0 ""Nougat""",BlackBerry,BlackBerry Aurora,[51],2017/03,
4,,,,,,"Android 7.0 ""Nougat""",BlackBerry,BlackBerry KeyOne,[52],2017/04,
5,,,,,,"Android 7.0 ""Nougat""",BlackBerry,BlackBerry Motion,[53],2017/12,
6,,,,,,"Android 8.0 ""Oreo""",BlackBerry,BlackBerry Key2,[54],2018/06,
7,,,,,,"Android 8.0 ""Oreo""",BlackBerry,BlackBerry Evolve/X,[55][56],2018/08,
8,,,,,,"Android 8.0 ""Oreo""",BlackBerry,BlackBerry Key2 LE,[57],2018/10,
0,,,,,,"Android ""Pie"" 9.0",Cherry Mobile,Cherry Mobile Flare S8 Deluxe,[58][59],2019/07,
1,,,,,,"Android ""Pie"" 9.0",Cherry Mobile,Cherry Mobile Flare S8 Pro,[60][61],2019/07,
2,,,,,,"Android ""Pie"" 9.0",Cherry Mobile,Cherry Mobile Flare S8 Plus,[62][63],2019/07,
3,,,,,,"Android ""Pie"" 9.0",Cherry Mobile,Cherry Mobile Flare S8 Lite,[64][65],2019/07,
0,,,,,,"Android 7.0 ""Nougat""",Essential Products,Essential PH-1,[66],2017/08,
0,,,,,,Android 1.0,HTC,HTC Dream,[67],2008/09,
1,,,,,,"Android 1.6 ""Donut""",HTC,HTC Magic,[68],2009/05,
2,,,,,,"Android 1.5 ""Cupcake""",HTC,HTC Hero,[69],2009/07,
3,,,,,,"Android 1.6 ""Donut""",HTC,HTC Tattoo,[70],2009/09,
4,,,,,,"Android 2.0 ""Eclair""",HTC,HTC Desire,[71],2010/02,
5,,,,,,"Android 2.0 ""Eclair""",HTC,HTC Legend,[72],2010/03,
6,,,,,,"Android 2.0 ""Eclair""",HTC,HTC Droid Incredible,[73],2010/04,
7,,,,,,"Android 2.0 ""Eclair""",HTC,HTC Wildfire,[74],2010/05,
8,,,,,,"Android 2.0 ""Eclair""",HTC,HTC Aria,[75],2010/06,
9,,,,,,"Android 2.0 ""Eclair""",HTC,HTC Evo 4G,[76],2010/06,
10,,,,,,"Android 2.0 ""Eclair""",HTC,HTC Evo 4G+,[77],2010/06,
11,,,,,,"Android 2.2 ""Froyo""",HTC,HTC Desire HD,[78],2010/10,
12,,,,,,"Android 2.2 ""Froyo""",HTC,HTC Desire Z,[79],2010/11,
13,,,,,,"Android 2.2 ""Froyo""",HTC,HTC Gratia,[80],2010/11,
14,,,,,,"Android 2.2 ""Froyo""",HTC,HTC Evo Shift 4G,[81],2011/01,
15,,,,,,"Android 2.2 ""Froyo""",HTC,HTC Inspire 4G,[82],2011/02,
16,,,,,,"Android 2.2 ""Froyo""",HTC,HTC Incredible S,[83],2011/02,
17,,,,,,"Android 2.2 ""Froyo""",HTC,HTC ThunderBolt,[84],2011/03,
18,,,,,,"Android 2.3 ""Gingerbread""",HTC,HTC Desire S,[85],2011/03,
19,,,,,,"Android 2.2 ""Froyo""",HTC,HTC Merge,[86],2011/04,
20,,,,,,"Android 2.3 ""Gingerbread""",HTC,HTC Sensation,[87],2011/05,
21,,,,,,"Android 2.3 ""Gingerbread""",HTC,HTC Wildfire S,[88],2011/05,
22,,,,,,"Android 2.3 ""Gingerbread""",HTC,HTC ChaCha,[89],2011/06,
23,,,,,,"Android 2.3 ""Gingerbread""",HTC,HTC Salsa,[90],2011/06,
24,,,,,,"Android 2.3 ""Gingerbread""",HTC,HTC Evo 3D,[91],2011/07,
25,,,,,,"Android 2.3 ""Gingerbread""",HTC,HTC Amaze 4G,[92],2011/10,
26,,,,,,"Android 2.3 ""Gingerbread""",HTC,HTC Explorer,[93],2011/10,
27,,,,,,"Android 2.3 ""Gingerbread""",HTC,HTC Sensation XE,[94],2011/10,
28,,,,,,"Android 2.3 ""Gingerbread""",HTC,HTC Rhyme,[95],2011/10,
29,,,,,,"Android 2.3 ""Gingerbread""",HTC,HTC Raider 4G,[96],2011/10,
30,,,,,,"Android 2.3 ""Gingerbread""",HTC,HTC Evo Design 4G,[97],2011/10,
31,,,,,,"Android 2.3 ""Gingerbread""",HTC,HTC Sensation XL,[98],2011/11,
32,,,,,,"Android 2.3 ""Gingerbread""",HTC,HTC Rezound,[99],2011/11,
33,,,,,,"Android 4.0 ""Ice Cream Sandwich""",HTC,HTC One S,[100],2012/04,
34,,,,,,"Android 4.0 ""Ice Cream Sandwich""",HTC,HTC One V,[101],2012/04,
35,,,,,,"Android 4.0 ""Ice Cream Sandwich""",HTC,HTC One X/XL,[102][103],2012/05,
36,,,,,,"Android 4.0 ""Ice Cream Sandwich""",HTC,HTC Evo 4G LTE,[104],2012/05,
37,,,,,,"Android 4.0 ""Ice Cream Sandwich""",HTC,HTC One S C2,[105],2012/06,
38,,,,,,"Android 4.0 ""Ice Cream Sandwich""",HTC,HTC Desire C,[106],2012/06,
39,,,,,,"Android 4.0 ""Ice Cream Sandwich""",HTC,HTC Desire V,[107],2012/06,
40,,,,,,"Android 4.0 ""Ice Cream Sandwich""",HTC,HTC Droid Incredible 4G LTE,[108],2012/07,
41,,,,,,"Android 4.0 ""Ice Cream Sandwich""",HTC,HTC Desire VC,[109],2012/07,
42,,,,,,"Android 4.0 ""Ice Cream Sandwich""",HTC,HTC Desire XC,[110],2012/07,
43,,,,,,"Android 4.0 ""Ice Cream Sandwich""",HTC,HTC One XC,[111],2012/08,
44,,,,,,"Android 4.0 ""Ice Cream Sandwich""",HTC,HTC J,[112],2012/08,
45,,,,,,"Android 4.0 ""Ice Cream Sandwich""",HTC,HTC Desire VT,[113],2012/08,
46,,,,,,"Android 4.0 ""Ice Cream Sandwich""",HTC,HTC Desire X,[114],2012/10,
47,,,,,,"Android 4.0 ""Ice Cream Sandwich""",HTC,HTC One VX,[115],2012/10,
48,,,,,,"Android 4.1 ""Jelly Bean""",HTC,HTC One X+,[116],2012/11,
49,,,,,,"Android 4.0 ""Ice Cream Sandwich""",HTC,HTC Desire SV,[117],2012/11,
50,,,,,,"Android 4.1 ""Jelly Bean""",HTC,HTC Desire 400,[118],2012/12,
51,,,,,,"Android 4.0 ""Ice Cream Sandwich""",HTC,HTC One SV,[119],2013/01,
52,,,,,,"Android 4.1 ""Jelly Bean""",HTC,HTC Butterfly,[120],2013/01,
53,,,,,,"Android 4.1 ""Jelly Bean""",HTC,HTC One (M7),[121],2013/03,
54,,,,,,"Android 4.1 ""Jelly Bean""",HTC,HTC First,[122],2013/04,
55,,,,,,"Android 4.1 ""Jelly Bean""",HTC,HTC Desire L/P/Q,[123][124][125],2013/04,
56,,,,,,"Android 4.0 ""Ice Cream Sandwich""",HTC,HTC Desire U,[126],2013/06,
57,,,,,,"Android 4.1 ""Jelly Bean""",HTC,HTC Desire 600,[127],2013/06,
58,,,,,,"Android 4.0 ""Ice Cream Sandwich""",HTC,HTC Desire 200,[128],2013/07,
59,,,,,,"Android 4.1 ""Jelly Bean""",HTC,HTC Butterfly S,[129],2013/07,
60,,,,,,"Android 4.1 ""Jelly Bean""",HTC,HTC One Mini,[130],2013/08,
61,,,,,,"Android 4.1 ""Jelly Bean""",HTC,HTC Desire 500,[131],2013/09,
62,,,,,,"Android 4.1 ""Jelly Bean""",HTC,HTC One Max,[132],2013/10,
63,,,,,,"Android 4.1 ""Jelly Bean""",HTC,HTC Desire 601,[133],2013/10,
64,,,,,,"Android 4.1 ""Jelly Bean""",HTC,HTC Desire 300,[134],2013/12,
65,,,,,,"Android 4.1 ""Jelly Bean""",HTC,HTC Desire 601 dual sim,[135],2013/12,
66,,,,,,"Android 4.1 ""Jelly Bean""",HTC,HTC Desire 700,[136][137],2014/01,
67,,,,,,"Android 4.1 ""Jelly Bean""",HTC,HTC Desire 501,[138][139],2014/02,
68,,,,,,"Android 4.4 ""KitKat""",HTC,HTC Desire 816,[140],2014/03,
69,,,,,,"Android 4.4 ""KitKat""",HTC,HTC One (M8),[141],2014/03,
70,,,,,,"Android 4.1 ""Jelly Bean""",HTC,HTC Desire 310,[142][143],2014/04,
71,,,,,,"Android 4.4 ""KitKat""",HTC,HTC Desire 610,[144],2014/03,
72,,,,,,"Android 4.4 ""KitKat""",HTC,HTC Desire 816 dual sim,[145],2014/05,
73,,,,,,"Android 4.4 ""KitKat""",HTC,HTC One Mini 2,[146],2014/05,
74,,,,,,"Android 4.1 ""Jelly Bean""",HTC,HTC Desire 210,[147],2014/06,
75,,,,,,"Android 4.1 ""Jelly Bean""",HTC,HTC Desire 616,[148],2014/06,
76,,,,,,"Android 4.4 ""KitKat""",HTC,HTC One (E8),[149],2014/06,
77,,,,,,"Android 4.1 ""Jelly Bean""",HTC,HTC Desire 516,[150],2014/06,
78,,,,,,"Android 4.4 ""KitKat""",HTC,HTC One Remix,[151],2014/07,
79,,,,,,"Android 4.4 ""KitKat""",HTC,HTC Butterfly 2,[152],2014/09,
80,,,,,,"Android 4.4 ""KitKat""",HTC,HTC Desire 510,[153],2014/09,
81,,,,,,"Android 4.4 ""KitKat""",HTC,HTC Desire 820q,[154],2014/10,
82,,,,,,"Android 4.4 ""KitKat""",HTC,HTC Desire 612,[155],2014/10,
83,,,,,,"Android 4.4 ""KitKat""",HTC,HTC One (M8 Eye),[156],2014/10,
84,,,,,,"Android 4.4 ""KitKat""",HTC,HTC Desire 816G,[157],2014/10,
85,,,,,,"Android 4.4 ""KitKat""",HTC,HTC Desire 820,[158],2014/11,
86,,,,,,"Android 4.4 ""KitKat""",HTC,HTC Desire Eye,[159],2014/11,
87,,,,,,"Android 4.4 ""KitKat""",HTC,HTC Desire 620/G,[160][161],2014/12,
88,,,,,,"Android 4.4 ""KitKat""",HTC,HTC Desire 320,[162],2015/01,
89,,,,,,"Android 4.4 ""KitKat""",HTC,HTC Desire 526G+,[163],2015/01,
90,,,,,,"Android 5.0 ""Lollipop""",HTC,HTC Desire 826,[164],2015/03,
91,,,,,,"Android 4.4 ""KitKat""",HTC,HTC Desire 626,[165],2015/03,
92,,,,,,"Android 4.4 ""KitKat""",HTC,HTC Desire 820s,[166],2015/03,
93,,,,,,"Android 4.4 ""KitKat""",HTC,HTC Desire 626G+,[167],2015/04,
94,,,,,,"Android 5.0 ""Lollipop""",HTC,HTC One M9,[168],2015/03,
95,,,,,,"Android 5.0 ""Lollipop""",HTC,HTC One E9/+,[169][170],2015/05,
96,,,,,,"Android 5.0 ""Lollipop""",HTC,HTC One M8s,[171],2015/05,
97,,,,,,"Android 5.0 ""Lollipop""",HTC,HTC One M9+,[172],2015/05,
98,,,,,,"Android 4.4 ""KitKat""",HTC,HTC Desire 326G,[173],2015/06,
99,,,,,,"Android 4.4 ""KitKat""",HTC,HTC Desire 820G+,[174],2015/06,
100,,,,,,"Android 5.0 ""Lollipop""",HTC,HTC One ME,[175],2015/07,
101,,,,,,"Android 5.0 ""Lollipop""",HTC,HTC Desire 626s,[176],2015/07,
102,,,,,,"Android 5.0 ""Lollipop""",HTC,HTC Desire 526,[177],2015/08,
103,,,,,,"Android 5.0 ""Lollipop""",HTC,HTC Desire 626 (USA),[178],2015/08,
104,,,,,,"Android 5.0 ""Lollipop""",HTC,HTC One M9+ Supreme Camera Edition,[179],2015/10,
105,,,,,,"Android 5.0 ""Lollipop""",HTC,HTC Butterfly 3,[180],2015/10,
106,,,,,,"Android 5.0 ""Lollipop""",HTC,HTC One E9s,[181],2015/10,
107,,,,,,"Android 5.0 ""Lollipop""",HTC,HTC One A9,[182],2015/10,
108,,,,,,"Android 5.0 ""Lollipop""",HTC,HTC Desire 520,[183],2015/11,
109,,,,,,"Android 5.0 ""Lollipop""",HTC,HTC Desire 728,[184],2015/11,
110,,,,,,"Android 5.0 ""Lollipop""",HTC,HTC Desire 828,[185],2015/11,
111,,,,,,"Android 5.0 ""Lollipop""",HTC,HTC One M9s,[186],2015/11,
112,,,,,,"Android 6.0 ""Marshmallow""",HTC,HTC One X9,[187],2016/01,
113,,,,,,"Android 6.0 ""Marshmallow""",HTC,HTC Desire 530,[188],2016/03,
114,,,,,,"Android 6.0 ""Marshmallow""",HTC,HTC Desire 825,[189],2016/04,
115,,,,,,"Android 6.0 ""Marshmallow""",HTC,HTC 10,[190],2016/04,
116,,,,,,"Android 6.0 ""Marshmallow""",HTC,HTC Desire 830,[191],2016/05,
117,,,,,,"Android 5.0 ""Lollipop""",HTC,HTC One M9 Prime Camera,[192],2016/05,
118,,,,,,"Android 6.0 ""Marshmallow""",HTC,HTC Desire 630,[193],2016/06,
119,,,,,,"Android 6.0 ""Marshmallow""",HTC,HTC 10 Lifestyle,[194],2016/06,
120,,,,,,"Android 6.0 ""Marshmallow""",HTC,HTC One S9,[195],2016/06,
121,,,,,,"Android 5.0 ""Lollipop""",HTC,HTC Desire 628,[196],2016/06,
122,,,,,,"Android 5.0 ""Lollipop""",HTC,HTC Desire 625,[197],2016/08,
123,,,,,,"Android 6.0 ""Marshmallow""",HTC,HTC Desire 10 Lifestyle,[198],2016/09,
124,,,,,,"Android 6.0 ""Marshmallow""",HTC,HTC Desire 728 Ultra,[199],2016/12,
125,,,,,,"Android 6.0 ""Marshmallow""",HTC,HTC One A9s,[200],2016/11,
126,,,,,,"Android 6.0 ""Marshmallow""",HTC,HTC 10 evo,[201],2016/11,
127,,,,,,"Android 6.0 ""Marshmallow""",HTC,HTC Desire 10 Pro,[202],2016/12,
128,,,,,,"Android 6.0 ""Marshmallow""",HTC,HTC Desire 650,[203],2016/12,
129,,,,,,"Android 6.0 ""Marshmallow""",HTC,HTC U Play,[204],2017/02,
130,,,,,,"Android 7.0 ""Nougat""",HTC,HTC U Ultra,[205],2017/02,
131,,,,,,"Android 7.0 ""Nougat""",HTC,HTC U11,[206],2017/06,
132,,,,,,"Android 6.0 ""Marshmallow""",HTC,HTC One X10,[207],2017/07,
133,,,,,,"Android 8.0 ""Oreo""",HTC,HTC U11+/Life,[208][209],2017/11,
134,,,,,,"Android 8.0 ""Oreo""",HTC,HTC U11 EYEs,[210],2018/01,
135,,,,,,"Android 8.0 ""Oreo""",HTC,HTC U12+,[211],2018/06,
136,,,,,,"Android 8.0 ""Oreo""",HTC,HTC U12 life,[212],2018/08,
137,,,,,,"Android 8.0 ""Oreo""",HTC,HTC Desire 12/12+,[213][214],2018/09,
138,,,,,,"Android 8.0 ""Oreo""",HTC,HTC Exodus 1,[215],2018/12,
139,,,,,,"Android 8.0 ""Oreo""",HTC,HTC Desire 12s,[216],2018/12,
140,,,,,,"Android 9.0 ""Pie""",HTC,HTC Desire 19+,[217],2019/06,
141,,,,,,"Android 9.0 ""Pie""",HTC,HTC U19e,[218],2019/06,
142,,,,,,"Android 9.0 ""Pie""",HTC,HTC Wildfire X,[219],2019/08,
143,,,,,,"Android 8.0 ""Oreo""",HTC,HTC Exodus 1s,[220],2019/10,
144,,,,,,"Android 9.0 ""Pie""",HTC,HTC Desire 19s,[221],2019/11,
145,,,,,,"Android 9.0 ""Pie""",HTC,HTC Wildfire R70,[222],2020/02,
146,,,,,,Android 10,HTC,HTC Desire 20 Pro,[223],2020/06,
147,,,,,,Android 10,HTC,HTC Wildfire E2,[224],2020/08,
148,,,,,,Android 10,HTC,HTC U20 5G,[225],2020/10,
149,,,,,,Android 10,HTC,HTC Desire 20+,[226],2020/10,
150,,,,,,Android 10,HTC,HTC Desire 21 Pro,[227],2021/01,
151,,,,,,Android 10,HTC,HTC Wildfire E3,[228],2021/05,
152,,,,,,"Android 2.3 ""Gingerbread""",Huawei,Honor U8860,[229],2011/09,
153,,,,,,"Android 4.0 ""Ice Cream Sandwich""",Huawei,Honor 2,[230],2012/10,
154,,,,,,"Android 4.1 ""Jelly Bean""",Huawei,Honor 3,[231],2013/08,
155,,,,,,"Android 4.1 ""Jelly Bean""",Huawei,Honor 3C,[232],2013/12,
156,,,,,,"Android 4.4 ""KitKat""",Huawei,Honor 3X,[233],2013/12,
157,,,,,,"Android 4.1 ""Jelly Bean""",Huawei,Honor 3X Pro,[234],2014/05,
158,,,,,,"Android 4.4 ""KitKat""",Huawei,Honor 3C 4G,[235],2014/06,
159,,,,,,"Android 4.4 ""KitKat""",Huawei,Honor 6,[236],2014/08,
160,,,,,,"Android 4.1 ""Jelly Bean""",Huawei,Honor 3C Play,[237],2014/09,
161,,,,,,"Android 4.4 ""KitKat""",Huawei,Honor 4 Play,[238],2014/09,
162,,,,,,"Android 4.4 ""KitKat""",Huawei,Honor Holly,[239],2014/10,
163,,,,,,"Android 4.4 ""KitKat""",Huawei,Honor 4X,[240],2014/10,
164,,,,,,"Android 4.4 ""KitKat""",Huawei,Honor 6 Plus,[241],2014/12,
165,,,,,,"Android 4.4 ""KitKat""",Huawei,Honor 4C,[242],2015/04,
166,,,,,,"Android 4.4 ""KitKat""",Huawei,Honor Bee,[243],2015/05,
167,,,,,,"Android 5.0 ""Lollipop""",Huawei,Honor 7,[244],2015/07,
168,,,,,,"Android 5.0 ""Lollipop""",Huawei,Honor 7i,[245],2015/08,
169,,,,,,"Android 5.0 ""Lollipop""",Huawei,Honor 5X,[246],2015/11,
170,,,,,,"Android 5.0 ""Lollipop""",Huawei,Honor Holly 2 Plus,[247],2016/01,
171,,,,,,"Android 6.0 ""Marshmallow""",Huawei,Honor 5c,[248],2016/04,
172,,,,,,"Android 6.0 ""Marshmallow""",Huawei,Honor V8,[249],2016/05,
173,,,,,,"Android 5.0 ""Lollipop""",Huawei,Honor 5A,[250],2016/06,
174,,,,,,"Android 6.0 ""Marshmallow""",Huawei,Honor 8,[251],2016/07,
175,,,,,,"Android 6.0 ""Marshmallow""",Huawei,Honor Note 8,[252],2016/08,
176,,,,,,"Android 6.0 ""Marshmallow""",Huawei,Honor Holly 3,[253],2016/07,
177,,,,,,"Android 6.0 ""Marshmallow""",Huawei,Honor 6X,[254],2016/10,
178,,,,,,"Android 6.0 ""Marshmallow""",Huawei,Honor Magic,[255],2016/12,
179,,,,,,"Android 7.0 ""Nougat""",Huawei,Honor 8 Pro,[256],2017/04,
180,,,,,,"Android 7.0 ""Nougat""",Huawei,Honor 6A,[257],2017/05,
181,,,,,,"Android 7.0 ""Nougat""",Huawei,Honor 9,[258],2017/07,
182,,,,,,"Android 7.0 ""Nougat""",Huawei,Honor 6C Pro,[259],2017/10,
183,,,,,,"Android 7.0 ""Nougat""",Huawei,Honor 7X,[260],2017/12,
184,,,,,,"Android 8.0 ""Oreo""",Huawei,Honor V10,[261],2017/12,
185,,,,,,"Android 8.0 ""Oreo""",Huawei,Honor 9 Lite,[262],2017/12,
186,,,,,,"Android 8.0 ""Oreo""",Huawei,Honor 7A,[263],2018/04,
187,,,,,,"Android 8.0 ""Oreo""",Huawei,Honor 7C,[264],2018/05,
188,,,,,,"Android 8.0 ""Oreo""",Huawei,Honor 10,[265],2018/05,
189,,,,,,"Android 8.0 ""Oreo""",Huawei,Honor 7S,[266],2018/05,
190,,,,,,"Android 8.0 ""Oreo""",Huawei,Honor 9N,[267],2018/07,
191,,,,,,"Android 8.0 ""Oreo""",Huawei,Honor Play,[268],2018/08,
192,,,,,,"Android 8.0 ""Oreo""",Huawei,Honor Note 10,[269],2018/08,
193,,,,,,"Android 8.0 ""Oreo""",Huawei,Honor 8X/Max,[270][271],2018/09,
194,,,,,,"Android 8.0 ""Oreo""",Huawei,Honor 8C,[272],2018/10,
195,,,,,,"Android 9.0 ""Pie""",Huawei,Honor Magic 2/3D,[273][274],2018/08,
196,,,,,,"Android 9.0 ""Pie""",Huawei,Honor 10 Lite,[275],2018/11,
197,,,,,,"Android 9.0 ""Pie""",Huawei,Honor V20,[276],2018/12,
198,,,,,,"Android 9.0 ""Pie""",Huawei,Honor Play 8A,[277],2019/01,
199,,,,,,"Android 9.0 ""Pie""",Huawei,Honor 8A Pro,[278],2019/04,
200,,,,,,"Android 9.0 ""Pie""",Huawei,Honor 20 lite,[279],2019/05,
201,,,,,,"Android 9.0 ""Pie""",Huawei,Honor 20i,[280],2019/05,
202,,,,,,"Android 9.0 ""Pie""",Huawei,Honor 20,[281],2019/06,
203,,,,,,"Android 9.0 ""Pie""",Huawei,Honor 20 Pro,[282],2019/07,
204,,,,,,"Android 9.0 ""Pie""",Huawei,Honor 9X (China),[283],2019/07,
205,,,,,,"Android 9.0 ""Pie""",Huawei,Honor 9X Pro,[284],2019/07,
206,,,,,,"Android 9.0 ""Pie""",Huawei,Honor Play 3/3e,[285][286],2019/09,
207,,,,,,"Android 9.0 ""Pie""",Huawei,Honor 20S,[287],2019/09,
208,,,,,,"Android 9.0 ""Pie""",Huawei,Honor 20 lite (China),[288],2019/10,
209,,,,,,"Android 9.0 ""Pie""",Huawei,Honor 9X,[289],2019/10,
210,,,,,,Android 10,Huawei,Honor V30/30 Pro,[290][291],2019/11,
211,,,,,,Android 10,Huawei,Honor 8A Prime,[292],2020/03,
212,,,,,,Android 10,Huawei,Honor Play 9A,[293],2020/03,
213,,,,,,Android 10,Huawei,Honor 30S,[294],2020/03,
214,,,,,,Android 10,Huawei,Honor Play 4T/Pro,[295][296],2020/04,
215,,,,,,Android 10,Huawei,Honor 8A 2020,[297],2020/04,
216,,,,,,Android 10,Huawei,Honor 20e,[298],2020/04,
217,,,,,,Android 10,Huawei,Honor 30/Pro/Pro+,[299][300][301],2020/04,
218,,,,,,Android 10,Huawei,Honor 9X Lite,[302],2020/04,
219,,,,,,Android 10,Huawei,Honor 9C/9S/9A,[303][304][305],2020/04,
220,,,,,,Android 10,Huawei,Honor X10,[306],2020/05,
221,,,,,,Android 10,Huawei,Honor 8S 2020,[307],2020/05,
222,,,,,,Android 10,Huawei,Honor Play4/Pro,[308][309],2020/06,
223,,,,,,Android 10,Huawei,Honor 30 Lite,[310],2020/07,
224,,,,,,Android 10,Huawei,Honor X10 Max,[311],2020/07,
225,,,,,,Android 10,Huawei,Honor 30i,[312],2020/09,
226,,,,,,Android 10,Huawei,Honor 10X Lite,[313],2020/10,
227,,,,,,Android 10,Honor,Honor V40,[314],2021/01,
228,,,,,,Android 10,Honor,Honor V40 Lite,,2021/03,
229,,,,,,Android 10,Honor,Honor Play 5T Youth,[315],2021/04,
230,,,,,,Android 10,Honor,Honor Play 20,,2021/05,
231,,,,,,"Android 2.0 ""Eclair""",Huawei,Huawei U8230,[316],2010/03,
232,,,,,,"Android 2.0 ""Eclair""",Huawei,Huawei U8100,[317],2010/07,
233,,,,,,"Android 2.2 ""Froyo""",Huawei,Huawei IDEOS,[318],2010/09,
234,,,,,,"Android 2.2 ""Froyo""",Huawei,Huawei IDEOS X5,[319],2011/04,
235,,,,,,"Android 2.3 ""Gingerbread""",Huawei,Huawei Sonic,[320],2011/07,
236,,,,,,"Android 4.0 ""Ice Cream Sandwich""",Huawei,Huawei Ascend P1,[321],2012/07,
237,,,,,,"Android 4.1 ""Jelly Bean""",Huawei,Huawei STREAM X GL07S,[322],2013/02,
238,,,,,,"Android 4.1 ""Jelly Bean""",Huawei,Huawei Ascend Mate,[323],2013/03,
239,,,,,,"Android 4.1 ""Jelly Bean""",Huawei,Huawei Ascend P2,[324],2013/04,
240,,,,,,"Android 4.1 ""Jelly Bean""",Huawei,Huawei Ascend P6,[325],2013/06,
241,,,,,,"Android 4.1 ""Jelly Bean""",Huawei,Huawei Ascend Mate 2 4G,[326],2014/01,
242,,,,,,"Android 4.4 ""KitKat""",Huawei,Huawei Ascend P7,[327],2014/06,
243,,,,,,"Android 4.4 ""KitKat""",Huawei,Huawei Ascend Mate 7,[328],2014/10,
244,,,,,,"Android 4.4 ""KitKat""",Huawei,Huawei P8,[329],2015/04,
245,,,,,,"Android 5.0 ""Lollipop""",Huawei,Huawei Mate S,[330],2015/10,
246,,,,,,"Android 6.0 ""Marshmallow""",Huawei,Huawei Mate 8,[331],2015/11,
247,,,,,,"Android 6.0 ""Marshmallow""",Huawei,Huawei P9,[332],2016/04,
248,,,,,,"Android 6.0 ""Marshmallow""",Huawei,Huawei Nova/Plus,[333][334],2016/10,
249,,,,,,"Android 7.0 ""Nougat""",Huawei,Huawei Mate 9,[335],2016/12,
250,,,,,,"Android 7.0 ""Nougat""",Huawei,Huawei P10,[336],2017/02,
251,,,,,,"Android 7.0 ""Nougat""",Huawei,Huawei Nova 2/Plus,[337][338],2017/06,
252,,,,,,"Android 7.0 ""Nougat""",Huawei,Huawei Mate 10 Lite,[339],2017/11,
253,,,,,,"Android 8.0 ""Oreo""",Huawei,Huawei Mate 10,[336],2017/11,
254,,,,,,"Android 8.0 ""Oreo""",Huawei,Huawei P20,[336],2018/03,
255,,,,,,"Android 8.0 ""Oreo""",Huawei,Huawei Nova 3i/P Smart+,[340],2018/07,
256,,,,,,"Android 8.0 ""Oreo""",Huawei,Huawei Nova 3,[341],2018/08,
257,,,,,,"Android 9.0 ""Pie""",Huawei,Huawei Mate 20,[342],2018/11,
258,,,,,,"Android 9.0 ""Pie""",Huawei,Huawei Nova 4,[343],2018/12,
259,,,,,,"Android 9.0 ""Pie""",Huawei,Huawei Nova 4e,[344],2019/03,
260,,,,,,"Android 9.0 ""Pie""",Huawei,Huawei P30,[345],2019/03,
261,,,,,,"Android 9.0 ""Pie""",Huawei,Huawei P30 lite,[346],2019/04,
262,,,,,,"Android 9.0 ""Pie""",Huawei,Huawei Nova 5/5i/Pro,[347][348][349],2019/06,
263,,,,,,"Android 9.0 ""Pie""",Huawei,Huawei Nova 5i Pro,[350],2019/07,
264,,,,,,"Android 9.0 ""Pie""",Huawei,Huawei Nova 5T,[351],2019/09,
265,,,,,,Android 10,Huawei,Huawei Mate 30,[352],2019/09,
266,,,,,,"Android 9.0 ""Pie""",Huawei,Huawei Nova 5z,[353],2019/11,
267,,,,,,Android 10,Huawei,Huawei Nova 6/5G/SE,[354][355][356],2019/12,
268,,,,,,Android 10,Huawei,Huawei Y7p,[357],2020/02,
269,,,,,,"Android 9.0 ""Pie""",Huawei,Huawei Nova 7i,[358],2020/02,
270,,,,,,Android 10,Huawei,Huawei P40 lite,[359],2020/03,
271,,,,,,"Android 9.0 ""Pie""",Huawei,Huawei P40 lite E,[360],2020/03,
272,,,,,,Android 10,Huawei,Huawei P40,[361],2020/04,
273,,,,,,Android 10,Huawei,Huawei Nova 7/Pro/SE,[362][363][364],2020/04,
274,,,,,,Android 10,Huawei,Huawei P40 lite 5G,[365],2020/05,
275,,,,,,Android 10,Huawei,Huawei Nova 7 SE 5G Youth,[366],2020/10,
276,,,,,,Android 10,Huawei,Huawei Mate 40,[367],2020/11,
277,,,,,,Android 10,Huawei,Huawei Nova 8 SE,[368],2020/11,
278,,,,,,Android 10,Huawei,Huawei Nova 8/Pro,[369][370],2020/12,
279,,,,,,Android 10,Huawei,Huawei Mate X2,[371],2021/02,
280,,,,,,Android 10,Huawei,Huawei Nova 8 Pro 4G,[372],2021/05,
0,,,,,,"Android 4.1 ""Jelly Bean""",Lenovo,Lenovo P780,[373],2013/06,
1,,,,,,"Android 4.1 ""Jelly Bean""",Lenovo,Lenovo Vibe Z,[374],2013/11,
2,,,,,,"Android 4.1 ""Jelly Bean""",Lenovo,Lenovo A526,[375],2014/06,
3,,,,,,"Android 4.4 ""KitKat""",Lenovo,Lenovo Vibe Z2 Pro,[376],2014/08,
4,,,,,,"Android 4.4 ""KitKat""",Lenovo,Lenovo Vibe Z2,[377],2014/09,
5,,,,,,"Android 5.0 ""Lollipop""",Lenovo,ZUK Z1,[378],2015/08,
6,,,,,,"Android 5.0 ""Lollipop""",Lenovo,Lenovo Vibe P1,[379],2015/09,
7,,,,,,"Android 5.0 ""Lollipop""",Lenovo,Lenovo Vibe K4 Note,[380],2016/01,
8,,,,,,"Android 5.0 ""Lollipop""",Lenovo,Lenovo K5 Note,[381],2016/01,
9,,,,,,"Android 5.0 ""Lollipop""",Lenovo,Lenovo Vibe P1 Turbo,[382],2016/02,
10,,,,,,"Android 5.0 ""Lollipop""",Lenovo,Lenovo Vibe K5/Plus,[383][384],2016/02,
11,,,,,,"Android 6.0 ""Marshmallow""",Lenovo,ZUK Z2,[385],2016/05,
12,,,,,,"Android 6.0 ""Marshmallow""",Lenovo,Lenovo Phab 2/Plus/Pro,[386][387][388],2016/06,
13,,,,,,"Android 6.0 ""Marshmallow""",Lenovo,Lenovo K6/Power/Note,[389][390][391],2016/09,
14,,,,,,"Android 6.0 ""Marshmallow""",Lenovo,Lenovo P2,[392],2016/09,
15,,,,,,"Android 6.0 ""Marshmallow""",Lenovo,Lenovo Z2 Plus,[393],2017/01,
16,,,,,,Android 10,Lenovo,Lenovo Legion Pro,[394],2020/07,
17,,,,,,Android 10,Lenovo,Lenovo Legion Duel,[395],2020/10,
18,,,,,,Android 11,Lenovo,Lenovo Legion 2 Pro,[396],2021/04,
19,,,,,,Android 11,Lenovo,Lenovo Legion Duel 2,[397],2021/05,
20,,,,,,"Android 1.5 ""Cupcake""",LG,LG GW620,[398],2009/11,
21,,,,,,"Android 2.0 ""Eclair""",LG,LG Optimus Q,[399],2010/05,
22,,,,,,"Android 1.6 ""Donut""",LG,LG Optimus,[400],2010/06,
23,,,,,,"Android 2.2 ""Froyo""",LG,LG Optimus One,[401],2010/10,
24,,,,,,"Android 2.2 ""Froyo""",LG,LG Optimus Chic,[402],2010/11,
25,,,,,,"Android 2.2 ""Froyo""",LG,LG Optimus 2X,[403],2011/02,
26,,,,,,"Android 2.2 ""Froyo""",LG,LG Optimus Black,[404],2011/05,
27,,,,,,"Android 2.2 ""Froyo""",LG,LG Optimus 3D,[405],2011/07,
28,,,,,,"Android 2.3 ""Gingerbread""",LG,LG Optimus Slider,[406],2011/10,
29,,,,,,"Android 2.3 ""Gingerbread""",LG,LG Optimus LTE (LU6200),[407],2012/01,
30,,,,,,"Android 4.0 ""Ice Cream Sandwich""",LG,LG Optimus 4X HD,[408],2012/06,
31,,,,,,"Android 2.3 ""Gingerbread""",LG,LG Optimus LTE (SU640),[409],2012/08,
32,,,,,,"Android 4.0 ""Ice Cream Sandwich""",LG,LG Optimus L9,[410],2012/11,
33,,,,,,"Android 4.0 ""Ice Cream Sandwich""",LG,LG Optimus Vu,[411],2012/11,
34,,,,,,"Android 4.0 ""Ice Cream Sandwich""",LG,LG Optimus G,[412],2013/01,
35,,,,,,"Android 4.1 ""Jelly Bean""",LG,LG G2,[413],2013/09,
36,,,,,,"Android 4.1 ""Jelly Bean""",LG,LG G Flex,[414],2013/11,
37,,,,,,"Android 4.1 ""Jelly Bean""",LG,LG G Pro Lite,[415],2013/11,
38,,,,,,"Android 4.1 ""Jelly Bean""",LG,LG Gx,[416],2014/01,
39,,,,,,"Android 4.4 ""KitKat""",LG,LG G2 Mini,[417],2014/04,
40,,,,,,"Android 4.4 ""KitKat""",LG,LG G Pro 2,[418],2014/04,
41,,,,,,"Android 4.4 ""KitKat""",LG,LG G3,[419],2014/05,
42,,,,,,"Android 4.4 ""KitKat""",LG,LG G3 Stylus,[420],2014/10,
43,,,,,,"Android 5.0 ""Lollipop""",LG,LG G Flex 2,[421],2015/02,
44,,,,,,"Android 5.0 ""Lollipop""",LG,LG G4,[422],2015/04,
45,,,,,,"Android 5.0 ""Lollipop""",LG,LG V10,[423],2015/10,
46,,,,,,"Android 5.0 ""Lollipop""",LG,LG K10 (2016),[424],2016/01,
47,,,,,,"Android 6.0 ""Marshmallow""",LG,LG G5,[425],2016/04,
48,,,,,,"Android 7.0 ""Nougat""",LG,LG V20,[426],2016/10,
49,,,,,,"Android 7.0 ""Nougat""",LG,LG K10 (2017),[427],2017/02,
50,,,,,,"Android 7.0 ""Nougat""",LG,LG G6,[428],2017/05,
51,,,,,,"Android 7.0 ""Nougat""",LG,LG V30,[429],2017/10,
52,,,,,,"Android 8.0 ""Oreo""",LG,LG G7 ThinQ,[430],2018/05,
53,,,,,,"Android 8.0 ""Oreo""",LG,LG V35 ThinQ,[431],2018/06,
54,,,,,,"Android 7.0 ""Nougat""",LG,LG K10 (2018),[432],2018/06,
55,,,,,,"Android 8.0 ""Oreo""",LG,LG V40 ThinQ,[433],2018/10,
56,,,,,,"Android 9.0 ""Pie""",LG,LG G8 ThinQ,[434],2019/04,
57,,,,,,"Android 9.0 ""Pie""",LG,LG V50 ThinQ,[435],2019/05,
58,,,,,,"Android 9.0 ""Pie""",LG,LG Stylo 5,[436],2019/06,
59,,,,,,"Android 9.0 ""Pie""",LG,LG W10/W30,[437][438],2019/07,
60,,,,,,"Android 9.0 ""Pie""",LG,LG W30 Pro,[439],2019/10,
61,,,,,,"Android 9.0 ""Pie""",LG,LG W10 Alpha,[440],2020/02,
62,,,,,,Android 10,LG,LG Q51,[441],2020/02,
63,,,,,,Android 10,LG,LG V60 ThinQ,[442],2020/03,
64,,,,,,Android 10,LG,LG Velvet,[443],2020/05,
65,,,,,,Android 10,LG,LG Stylo 6,[444],2020/05,
66,,,,,,Android 10,LG,LG Q61,[445],2020/05,
67,,,,,,Android 10,LG,LG K31,[446],2020/08,
68,,,,,,Android 10,LG,LG Q92 5G,[447],2020/08,
69,,,,,,Android 10,LG,LG K22,[448],2020/09,
70,,,,,,Android 10,LG,LG K42/K71,[449][450],2020/09,
71,,,,,,Android 10,LG,LG Q31,[451],2020/09,
72,,,,,,Android 10,LG,LG Wing,[452],2020/10,
73,,,,,,Android 10,LG,LG Q52,[453],2020/10,
74,,,,,,Android 10,LG,LG K52/K62,[454][455],2020/11,
75,,,,,,Android 10,LG,LG K92 5G,[456],2020/11,
76,,,,,,Android 10,LG,LG W31/+,[457][458],2020/12,
77,,,,,,Android 10,LG,LG W41/+/Pro,[459][460][461],2021/03,
0,,,,,,"Android 5.02 ""Lollipop""",Marshall Amplification,Marshall London,[462],2015,
1,,,,,,"Android 2.2 ""Froyo""",Meizu,Meizu M9,[463],2011/01,
2,,,,,,"Android 2.3 ""Gingerbread""",Meizu,Meizu MX,[464],2011/12,
3,,,,,,"Android 4.0 ""Ice Cream Sandwich""",Meizu,Meizu MX 4-core,[465],2012/06,
4,,,,,,"Android 4.1 ""Jelly Bean""",Meizu,Meizu MX2,[466],2012/11,
5,,,,,,"Android 4.1 ""Jelly Bean""",Meizu,Meizu MX3,[467],2013/09,
6,,,,,,"Android 4.4 ""KitKat""",Meizu,Meizu MX4,[468],2014/09,
7,,,,,,"Android 4.4 ""KitKat""",Meizu,Meizu MX4 Pro,[469],2014/10,
8,,,,,,"Android 4.4 ""KitKat""",Meizu,Meizu M1/1 Note,[470][471],2015/01,
9,,,,,,"Android 5.0 ""Lollipop""",Meizu,Meizu M2 Note,[472],2015/06,
10,,,,,,"Android 5.0 ""Lollipop""",Meizu,Meizu MX5,[473],2015/06,
11,,,,,,"Android 5.0 ""Lollipop""",Meizu,Meizu M2,[472],2015/07,
12,,,,,,"Android 5.0 ""Lollipop""",Meizu,Meizu PRO 5,[474],2015/09,
13,,,,,,"Android 5.0 ""Lollipop""",Meizu,Meizu M1 Metal,[475],2015/10,
14,,,,,,"Android 6.0 ""Marshmallow""",Meizu,Meizu MX5e,[476],2016/04,
15,,,,,,"Android 5.0 ""Lollipop""",Meizu,Meizu M3 Note,[477],2016/04,
16,,,,,,"Android 6.0 ""Marshmallow""",Meizu,Meizu PRO 6,[478],2016/04,
17,,,,,,"Android 5.0 ""Lollipop""",Meizu,Meizu M3,[479],2016/04,
18,,,,,,"Android 5.0 ""Lollipop""",Meizu,Meizu M3s,[480],2016/06,
19,,,,,,"Android 6.0 ""Marshmallow""",Meizu,Meizu MX6,[481],2016/07,
20,,,,,,"Android 5.0 ""Lollipop""",Meizu,Meizu M3E,[482],2016/08,
21,,,,,,"Android 6.0 ""Marshmallow""",Meizu,Meizu U10/20,[483][484],2016/08,
22,,,,,,"Android 6.0 ""Marshmallow""",Meizu,Meizu M3 Max,[485],2016/09,
23,,,,,,"Android 6.0 ""Marshmallow""",Meizu,Meizu M5,[486],2016/10,
24,,,,,,"Android 6.0 ""Marshmallow""",Meizu,Meizu PRO 6s,[487],2016/11,
25,,,,,,"Android 6.0 ""Marshmallow""",Meizu,Meizu M3x,[488],2016/11,
26,,,,,,"Android 6.0 ""Marshmallow""",Meizu,Meizu PRO 6 Plus,[489],2016/11,
27,,,,,,"Android 6.0 ""Marshmallow""",Meizu,Meizu M5 Note,[490],2016/12,
28,,,,,,"Android 6.0 ""Marshmallow""",Meizu,Meizu M5s,[491],2017/02,
29,,,,,,"Android 7.0 ""Nougat""",Meizu,Meizu E2,[492],2017/04,
30,,,,,,"Android 6.0 ""Marshmallow""",Meizu,Meizu M5c,[493],2017/05,
31,,,,,,"Android 7.0 ""Nougat""",Meizu,Meizu PRO 7/Plus,[494][495],2017/07,
32,,,,,,"Android 7.0 ""Nougat""",Meizu,Meizu M6 Note,[496],2017/08,
33,,,,,,"Android 7.0 ""Nougat""",Meizu,Meizu M6,[497],2017/09,
34,,,,,,"Android 7.0 ""Nougat""",Meizu,Meizu M6s,[498],2018/01,
35,,,,,,"Android 7.0 ""Nougat""",Meizu,Meizu E3,[499],2018/03,
36,,,,,,"Android 7.0 ""Nougat""",Meizu,Meizu 15/Pro/Lite,[500][501][502],2018/04,
37,,,,,,"Android 7.0 ""Nougat""",Meizu,Meizu M8c,[503],2018/05,
38,,,,,,"Android 7.0 ""Nougat""",Meizu,Meizu M6T,[504],2018/05,
39,,,,,,"Android 8.0 ""Oreo""",Meizu,Meizu 16th/Plus,[505][506],2018/08,
40,,,,,,"Android 8.0 ""Oreo""",Meizu,Meizu 16X,[507],2018/09,
41,,,,,,"Android 8.0 ""Oreo""",Meizu,Meizu V8/Pro,[508][509],2018/09,
42,,,,,,"Android 8.0 ""Oreo""",Meizu,Meizu X8,[510],2018/09,
43,,,,,,"Android 8.0 ""Oreo""",Meizu,Meizu Note 8,[511],2018/10,
44,,,,,,"Android 8.0 ""Oreo""",Meizu,Meizu C9/Pro,[512],2018/12,
45,,,,,,"Android 9.0 ""Pie""",Meizu,Meizu Note 9,[513],2019/03,
46,,,,,,"Android 9.0 ""Pie""",Meizu,Meizu M10,[514],2019/09,
47,,,,,,"Android 9.0 ""Pie""",Meizu,Meizu 16s,[515],2019/04,
48,,,,,,"Android 9.0 ""Pie""",Meizu,Meizu 16Xs,[516],2019/05,
49,,,,,,"Android 9.0 ""Pie""",Meizu,Meizu 16s Pro,[517],2019/08,
50,,,,,,"Android 9.0 ""Pie""",Meizu,Meizu 16T,[518],2019/10,
51,,,,,,Android 10,Meizu,Meizu 17/Pro,[519][520],2020/05,
52,,,,,,Android 11,Meizu,Meizu 18/Pro,[521][522],2021/03,
53,,,,,,"Android 1.5 ""Cupcake""",Motorola,Motorola Cliq,[523],2009/10,
54,,,,,,"Android 2.0 ""Eclair""",Motorola,Motorola Droid,[524],2009/11,
55,,,,,,"Android 1.5 ""Cupcake""",Motorola,Motorola Backflip,[525],2010/03,
56,,,,,,"Android 2.0 ""Eclair""",Motorola,Motorola Flipout,[526],2010/06,
57,,,,,,"Android 2.0 ""Eclair""",Motorola,Motorola Droid X,[527],2010/07,
58,,,,,,"Android 2.0 ""Eclair""",Motorola,Motorola Charm,[528],2010/08,
59,,,,,,"Android 2.2 ""Froyo""",Motorola,Motorola Droid 2,[529],2010/08,
60,,,,,,"Android 2.0 ""Eclair""",Motorola,Motorola Defy,[530],2010/10,
61,,,,,,"Android 2.2 ""Froyo""",Motorola,Motorola Droid Pro,[531],2010/11,
62,,,,,,"Android 2.3 ""Gingerbread""",Motorola,Motorola Atrix 4G,[532],2011/02,
63,,,,,,"Android 2.3 ""Gingerbread""",Motorola,Motorola Droid 3,[533],2011/07,
64,,,,,,"Android 2.3 ""Gingerbread""",Motorola,Motorola Droid Bionic,[534],2011/09,
65,,,,,,"Android 2.3 ""Gingerbread""",Motorola,Motorola Atrix 2,[535],2011/10,
66,,,,,,"Android 2.3 ""Gingerbread""",Motorola,Motorola Droid Razr,[536],2011/11,
67,,,,,,"Android 2.3 ""Gingerbread""",Motorola,Motorola Droid 4,[537],2012/02,
68,,,,,,"Android 4.0 ""Ice Cream Sandwich""",Motorola,Motorola Atrix HD,[538],2012/07,
69,,,,,,"Android 4.0 ""Ice Cream Sandwich""",Motorola,Motorola Photon Q,[539],2012/08,
70,,,,,,"Android 4.0 ""Ice Cream Sandwich""",Motorola,Motorola Droid Razr M,[540],2012/09,
71,,,,,,"Android 4.0 ""Ice Cream Sandwich""",Motorola,Motorola Droid Razr HD,[541],2012/10,
72,,,,,,"Android 4.1 ""Jelly Bean""",Motorola,Motorola Droid Maxx,[542],2013/08,
73,,,,,,"Android 4.1 ""Jelly Bean""",Motorola,Motorola Droid Mini,[543],2013/08,
74,,,,,,"Android 4.1 ""Jelly Bean""",Motorola,Moto X (1st generation),[544],2013/08,
75,,,,,,"Android 4.1 ""Jelly Bean""",Motorola,Moto G (1st generation),[545],2013/11,
76,,,,,,"Android 4.4 ""KitKat""",Motorola,Moto E (1st generation),[546],2014/05,
77,,,,,,"Android 4.4 ""KitKat""",Motorola,Moto G (2nd generation),[547],2014/09,
78,,,,,,"Android 4.4 ""KitKat""",Motorola,Moto X (2nd generation),[548],2014/09,
79,,,,,,"Android 4.4 ""KitKat""",Motorola,Motorola Droid Turbo,[549],2014/10,
80,,,,,,"Android 5.0 ""Lollipop""",Motorola,Moto E (2nd generation),[550],2015/02,
81,,,,,,"Android 5.0 ""Lollipop""",Motorola,Moto G (3rd generation),[551],2015/07,
82,,,,,,"Android 5.0 ""Lollipop""",Motorola,Moto X Play,[552],2015/07,
83,,,,,,"Android 5.0 ""Lollipop""",Motorola,Moto X Style,[553],2015/09,
84,,,,,,"Android 6.0 ""Marshmallow""",Motorola,Moto G4,[554],2016/05,
85,,,,,,"Android 6.0 ""Marshmallow""",Motorola,Moto E3,[555],2016/07,
86,,,,,,"Android 6.0 ""Marshmallow""",Motorola,Moto Z,[556],2016/09,
87,,,,,,"Android 6.0 ""Marshmallow""",Motorola,Moto Z Play,[557],2016/09,
88,,,,,,"Android 7.0 ""Nougat""",Motorola,Moto G5,[554],2017/03,
89,,,,,,"Android 7.0 ""Nougat""",Motorola,Moto C,[558],2017/05,
90,,,,,,"Android 7.0 ""Nougat""",Motorola,Moto E4,[559],2017/06,
91,,,,,,"Android 7.0 ""Nougat""",Motorola,Moto Z2 Play,[560],2017/06,
92,,,,,,"Android 7.0 ""Nougat""",Motorola,Moto Z2 Force,[561],2017/08,
93,,,,,,"Android 7.0 ""Nougat""",Motorola,Moto X4,[562],2017/09,
94,,,,,,"Android 8.0 ""Oreo""",Motorola,Moto E5,[563],2018/05,
95,,,,,,"Android 8.0 ""Oreo""",Motorola,Moto G6,[554],2018/05,
96,,,,,,"Android 8.0 ""Oreo""",Motorola,Moto Z3 Play,[564],2018/06,
97,,,,,,"Android 8.0 ""Oreo""",Motorola,Moto Z3,[565],2018/08,
98,,,,,,"Android 8.0 ""Oreo""",Motorola,Motorola One/One Power,[566][567],2018/10,
99,,,,,,"Android 9.0 ""Pie""",Motorola,Moto G7,[554],2019/03,
100,,,,,,"Android 9.0 ""Pie""",Motorola,Motorola One Vision,[568],2019/06,
101,,,,,,"Android 9.0 ""Pie""",Motorola,Moto Z4,[569],2019/06,
102,,,,,,"Android 9.0 ""Pie""",Motorola,Motorola One Zoom,[570],2019/09,
103,,,,,,"Android 9.0 ""Pie""",Motorola,Moto G8 Plus,[554],2019/10,
104,,,,,,"Android 9.0 ""Pie""",Motorola,Motorola One Macro,[571],2019/10,
105,,,,,,"Android 9.0 ""Pie""",Motorola,Motorola One Action,[572],2019/10,
106,,,,,,"Android 9.0 ""Pie""",Motorola,Motorola Razr (4G),[573],2019/11,
107,,,,,,Android 10,Motorola,Motorola One Hyper,[574],2020/01,
108,,,,,,Android 10,Motorola,Moto G8 Power,[554],2020/02,
109,,,,,,Android 10,Motorola,Moto G Power/Stylus,[554],2020/02,
110,,,,,,Android 10,Motorola,Moto G8,[554],2020/03,
111,,,,,,"Android 9.0 ""Pie""",Motorola,Moto E6s (2020),[575],2020/03,
112,,,,,,"Android 9.0 ""Pie""",Motorola,Moto G8 Power Lite,[576],2020/04,
113,,,,,,Android 10,Motorola,Motorola Edge/Edge+,[577][578],2020/05,
114,,,,,,Android 10,Motorola,Moto G Pro,[579],2020/05,
115,,,,,,Android 10,Motorola,Moto E (2020),[580],2020/06,
116,,,,,,Android 10,Motorola,Moto G Fast,[554],2020/06,
117,,,,,,Android 10,Motorola,Motorola One Fusion+,[581],2020/06,
118,,,,,,Android 10,Motorola,Motorola One Fusion,[582],2020/07,
119,,,,,,Android 10,Motorola,Moto G 5G Plus,[583],2020/07,
120,,,,,,Android 10,Motorola,Moto G9 Play,[584],2020/08,
121,,,,,,Android 10,Motorola,Moto G9 Plus,[585],2020/09,
122,,,,,,Android 10,Motorola,Moto E7 Plus,[586],2020/09,
123,,,,,,Android 10,Motorola,Motorola Razr (5G),[587],2020/09,
124,,,,,,Android 10,Motorola,Moto G9 Power,[588],2020/12,
125,,,,,,Android 10,Motorola,Moto G 5G,[589],2020/12,
126,,,,,,Android 10,Motorola,Moto E7,[590],2020/12,
127,,,,,,Android 10,Motorola,Moto G Play (2021),[591],2021/01,
128,,,,,,Android 10,Motorola,Moto G Power (2021),[592],2021/01,
129,,,,,,Android 10,Motorola,Moto G Stylus (2021),[593],2021/01,
130,,,,,,Android 10,Motorola,Moto E6i,[594],2021/02,
131,,,,,,Android 10,Motorola,Moto E7 Power,[595],2021/02,
132,,,,,,Android 11,Motorola,Moto G10,[596],2021/03,
133,,,,,,Android 11,Motorola,Moto G30,[597],2021/03,
134,,,,,,Android 11,Motorola,Moto G10 Power,[598],2021/03,
135,,,,,,Android 11,Motorola,Moto G50,[599],2021/04,
136,,,,,,Android 11,Motorola,Moto G100,[600],2021/04,
137,,,,,,Android 11,Motorola,Moto G60,[601],2021/04,
138,,,,,,Android 11,Motorola,Moto G40 Fusion,[602],2021/05,
139,,,,,,Android 11,Motorola,Moto G20,[603],2021/05,
0,,,,,,"Android 5.0 ""Lollipop""",Nextbit,Nextbit Robin,[604],2016/02,
1,,,,,,"Android 2.0 ""Eclair""",HTC/Google,Nexus One,[605],2010/01,
2,,,,,,"Android 2.3 ""Gingerbread""",Samsung Electronics/Google,Nexus S,[606],2010/12,
3,,,,,,"Android 4.0 ""Ice Cream Sandwich""",Samsung Electronics/Google,Galaxy Nexus,[607],2011/11,
4,,,,,,"Android 4.1 ""Jelly Bean""",LG Electronics/Google,Nexus 4,[608],2012/11,
5,,,,,,"Android 4.4 ""KitKat""",LG Electronics/Google,Nexus 5,[609],2013/10,
6,,,,,,"Android 5.0 ""Lollipop""",Motorola Mobility/Google,Nexus 6,[610],2014/11,
7,,,,,,"Android 6.0 ""Marshmallow""",LG Electronics/Google,Nexus 5X,[611],2015/09,
8,,,,,,"Android 6.0 ""Marshmallow""",Huawei/Google,Nexus 6P,[612],2015/09,
9,,,,,,"Android 4.1 ""Jelly Bean""",Nokia,Nokia X,[613],2014/02,
10,,,,,,"Android 4.1 ""Jelly Bean""",Microsoft Mobile,Nokia XL,[614],2014/05,
11,,,,,,"Android 4.1 ""Jelly Bean""",Microsoft Mobile,Nokia X2,[613],2014/06,
12,,,,,,"Android 7.0 ""Nougat""",HMD,Nokia 6,[615],2017/01,
13,,,,,,"Android 7.0 ""Nougat""",HMD,Nokia 3,[616],2017/06,
14,,,,,,"Android 7.0 ""Nougat""",HMD,Nokia 5,[617],2017/07,
15,,,,,,"Android 7.0 ""Nougat""",HMD,Nokia 7,[618],2017/10,
16,,,,,,"Android 7.0 ""Nougat""",HMD,Nokia 8,[619],2017/10,
17,,,,,,"Android 7.0 ""Nougat""",HMD,Nokia 2,[620],2017/11,
18,,,,,,"Android 8.0 ""Oreo""",HMD,Nokia 7 Plus,[621],2018/03,
19,,,,,,"Android 8.0 ""Oreo""",HMD,Nokia 1,[622],2018/04,
20,,,,,,"Android 8.0 ""Oreo""",HMD,Nokia 6.1,[623],2018/04,
21,,,,,,"Android 8.0 ""Oreo""",HMD,Nokia 8 Sirocco,[624],2018/04,
22,,,,,,"Android 8.0 ""Oreo""",HMD,Nokia 3.1,[625],2018/05,
23,,,,,,"Android 8.0 ""Oreo""",HMD,Nokia 5.1 Plus,[626],2018/07,
24,,,,,,"Android 8.0 ""Oreo""",HMD,Nokia 2.1,[627],2018/08,
25,,,,,,"Android 8.0 ""Oreo""",HMD,Nokia 5.1,[628],2018/08,
26,,,,,,"Android 8.0 ""Oreo""",HMD,Nokia 6.1 Plus,[629],2018/08,
27,,,,,,"Android 8.0 ""Oreo""",HMD,Nokia 3.1 Plus,[630],2018/10,
28,,,,,,"Android 8.0 ""Oreo""",HMD,Nokia 7.1,[631],2018/10,
29,,,,,,"Android 9.0 ""Pie""",HMD,Nokia 8.1,[632],2018/12,
30,,,,,,"Android 9.0 ""Pie""",HMD,Nokia 9 PureView,[633],2019/02,
31,,,,,,"Android 9.0 ""Pie""",HMD,Nokia 1 Plus,[634],2019/03,
32,,,,,,"Android 9.0 ""Pie""",HMD,Nokia 4.2,[635],2019/04,
33,,,,,,"Android 9.0 ""Pie""",HMD,Nokia 3.2,[636],2019/05,
34,,,,,,"Android 9.0 ""Pie""",HMD,Nokia 2.2,[637],2019/06,
35,,,,,,"Android 9.0 ""Pie""",HMD,Nokia 6.2,[638],2019/09,
36,,,,,,"Android 9.0 ""Pie""",HMD,Nokia 7.2,[639],2019/09,
37,,,,,,"Android 9.0 ""Pie""",HMD,Nokia 2.3,[640],2019/12,
38,,,,,,"Android 9.0 ""Pie""",HMD,Nokia C1,[641],2019/12,
39,,,,,,"Android 9.0 ""Pie""",HMD,Nokia C2,[642],2020/03,
40,,,,,,Android 10,HMD,Nokia 1.3,[643],2020/04,
41,,,,,,Android 10,HMD,Nokia 5.3,[644],2020/04,
42,,,,,,Android 10,HMD,Nokia C2 Tava,[645],2020/05,
43,,,,,,Android 10,HMD,Nokia C5 Endi,[646],2020/06,
44,,,,,,Android 10,HMD,Nokia C2 Tennen,[647],2020/06,
45,,,,,,Android 10,HMD,Nokia C3,[648],2020/08,
46,,,,,,Android 10,HMD,Nokia 2.4,[649],2020/09,
47,,,,,,Android 10,HMD,Nokia 3.4,[650],2020/10,
48,,,,,,Android 10,HMD,Nokia C1 Plus,[651],2020/12,
49,,,,,,Android 10,HMD,Nokia 5.4,[652],2021/01,
50,,,,,,Android 10,HMD,Nokia 1.4,[653],2021/02,
51,,,,,,Android 11,HMD,Nokia C20/G10,[654][655],2021/04,
52,,,,,,Android 11,HMD,Nokia G20/X20,[656][657],2021/05,
53,,,,,,Android 11,HMD,Nokia C10/X10,[658][659],2021/06,
54,,,,,,"Android 4.1 ""Jelly Bean""",ZTE,Nubia Z5,[660],2012/12,
55,,,,,,"Android 4.1 ""Jelly Bean""",ZTE,Nubia Z5S,[661],2013/12,
56,,,,,,"Android 4.1 ""Jelly Bean""",ZTE,Nubia Z5S mini NX403A,[662],2013/12,
57,,,,,,"Android 4.1 ""Jelly Bean""",ZTE,Nubia X6,[663],2014/03,
58,,,,,,"Android 4.4 ""KitKat""",ZTE,Nubia Z7/Max/mini,[664][665][666],2014/07,
59,,,,,,"Android 4.1 ""Jelly Bean""",ZTE,Nubia Z5S mini NX405H,[667],2014/08,
60,,,,,,"Android 5.0 ""Lollipop""",ZTE,Nubia Z9 Max,[668],2015/04,
61,,,,,,"Android 5.0 ""Lollipop""",ZTE,Nubia Z9 mini,[669],2015/04,
62,,,,,,"Android 5.0 ""Lollipop""",ZTE,Nubia Z9,[670],2015/05,
63,,,,,,"Android 5.0 ""Lollipop""",ZTE,Nubia My Prague,[671],2015/06,
64,,,,,,"Android 5.0 ""Lollipop""",ZTE,Nubia Prague S,[672],2016/01,
65,,,,,,"Android 5.0 ""Lollipop""",ZTE,Nubia Z11 mini,[673],2016/04,
66,,,,,,"Android 5.0 ""Lollipop""",ZTE,Nubia Z11 Max,[674],2016/06,
67,,,,,,"Android 6.0 ""Marshmallow""",ZTE,Nubia Z11,[675],2016/06,
68,,,,,,"Android 6.0 ""Marshmallow""",ZTE,Nubia N1,[676],2016/07,
69,,,,,,"Android 6.0 ""Marshmallow""",ZTE,Nubia Z11 mini S,[677],2016/10,
70,,,,,,"Android 6.0 ""Marshmallow""",ZTE,Nubia M2/lite,[678][679],2017/03,
71,,,,,,"Android 6.0 ""Marshmallow""",ZTE,Nubia N2,[680],2017/03,
72,,,,,,"Android 6.0 ""Marshmallow""",ZTE,Nubia N1 lite,[681],2017/04,
73,,,,,,"Android 6.0 ""Marshmallow""",ZTE,Nubia Z17 mini,[682],2017/04,
74,,,,,,"Android 7.0 ""Nougat""",ZTE,Nubia Z17,[683],2017/06,
75,,,,,,"Android 7.0 ""Nougat""",ZTE,Nubia Z17 lite,[684],2017/08,
76,,,,,,"Android 7.0 ""Nougat""",ZTE,Nubia Z17 miniS,[685],2017/10,
77,,,,,,"Android 7.0 ""Nougat""",ZTE,Nubia Z17s,[686],2017/10,
78,,,,,,"Android 7.0 ""Nougat""",ZTE,Nubia N3,[687],2018/03,
79,,,,,,"Android 7.0 ""Nougat""",ZTE,Nubia V18,[688],2018/03,
80,,,,,,"Android 8.0 ""Oreo""",ZTE,Nubia Z18 mini,[689],2018/04,
81,,,,,,"Android 8.0 ""Oreo""",ZTE,Nubia Red Magic,[690],2018/04,
82,,,,,,"Android 8.0 ""Oreo""",ZTE,Nubia Z18,[691],2018/09,
83,,,,,,"Android 8.0 ""Oreo""",ZTE,Nubia X,[692],2018/11,
84,,,,,,"Android 9.0 ""Pie""",ZTE,Nubia Red Magic Mars,[693],2018/12,
85,,,,,,"Android 9.0 ""Pie""",ZTE,Nubia Red Magic 3,[694],2019/05,
86,,,,,,"Android 9.0 ""Pie""",ZTE,Nubia Z20,[695],2019/08,
87,,,,,,"Android 9.0 ""Pie""",ZTE,Nubia Red Magic 3s,[696],2019/09,
88,,,,,,Android 10,ZTE,Nubia Red Magic 5G,[697],2020/03,
89,,,,,,Android 10,ZTE,Nubia Play,[698],2020/06,
90,,,,,,Android 10,ZTE,Nubia Red Magic 5G Lite,[699],2020/06,
91,,,,,,Android 10,ZTE,Nubia Red Magic 5S,[700],2020/08,
92,,,,,,Android 11,ZTE,Nubia Red Magic 6/Pro,[701][702],2021/03,
0,,,,,,"Android 4.4 ""KitKat""",OnePlus,OnePlus One,[703],2014/04,
1,,,,,,"Android 5.0 ""Lollipop""",OnePlus,OnePlus 2,[704],2015/07,
2,,,,,,"Android 5.0 ""Lollipop""",OnePlus,OnePlus X,[705],2015/10,
3,,,,,,"Android 6.0 ""Marshmallow""",OnePlus,OnePlus 3,[706],2016/06,
4,,,,,,"Android 6.0 ""Marshmallow""",OnePlus,OnePlus 3T,[707],2016/11,
5,,,,,,"Android 7.0 ""Nougat""",OnePlus,OnePlus 5,[708],2017/06,
6,,,,,,"Android 7.0 ""Nougat""",OnePlus,OnePlus 5T,[709],2017/11,
7,,,,,,"Android 8.0 ""Oreo""",OnePlus,OnePlus 6,[710],2018/04,
8,,,,,,"Android 9.0 ""Pie""",OnePlus,OnePlus 6T,[711],2018/11,
9,,,,,,"Android 9.0 ""Pie""",OnePlus,OnePlus 7,[712],2019/05,
10,,,,,,"Android 9.0 ""Pie""",OnePlus,OnePlus 7 Pro,[713],2019/05,
11,,,,,,Android 10,OnePlus,OnePlus 7T,[714],2019/10,
12,,,,,,Android 10,OnePlus,OnePlus 7T Pro,[715],2019/10,
13,,,,,,Android 10,OnePlus,OnePlus 8,[716],2020/04,
14,,,,,,Android 10,OnePlus,OnePlus 8 Pro,[717],2020/04,
15,,,,,,Android 10,OnePlus,OnePlus Nord,[718],2020/08,
16,,,,,,Android 11,OnePlus,OnePlus 8T,[719],2020/10,
17,,,,,,Android 10,OnePlus,OnePlus Nord N10 5G,[720],2020/11,
18,,,,,,Android 10,OnePlus,OnePlus Nord N100,[721],2020/11,
19,,,,,,Android 11,OnePlus,OnePlus 9,[722],2021/03,
20,,,,,,Android 11,OnePlus,OnePlus 9 Pro,[723],2021/03,
21,,,,,,"Android 4.0 ""Ice Cream Sandwich""",Oppo,Oppo Find,[724],2012/06,
22,,,,,,"Android 4.1 ""Jelly Bean""",Oppo,Oppo Find 5,[725],2012/12,
23,,,,,,"Android 4.1 ""Jelly Bean""",Oppo,Oppo N1,[726],2013/12,
24,,,,,,"Android 4.1 ""Jelly Bean""",Oppo,Oppo Find 5 Mini,[727],2014/01,
25,,,,,,"Android 4.1 ""Jelly Bean""",Oppo,Oppo Neo,[728],2014/02,
26,,,,,,"Android 4.1 ""Jelly Bean""",Oppo,Oppo Find 7/7a,[729][730],2014/03,
27,,,,,,"Android 4.1 ""Jelly Bean""",Oppo,Oppo Joy,[731],2014/02,
28,,,,,,"Android 4.1 ""Jelly Bean""",Oppo,Oppo N1 mini,[732],2014/08,
29,,,,,,"Android 4.1 ""Jelly Bean""",Oppo,Oppo Neo 3/5,[733][734],2014/08,
30,,,,,,"Android 4.4 ""KitKat""",Oppo,Oppo N3,[732],2014/10,
31,,,,,,"Android 4.4 ""KitKat""",Oppo,Oppo Joy Plus,[735],2015/08,
32,,,,,,"Android 4.4 ""KitKat""",Oppo,Oppo Neo 5s,[736],2015/05,
33,,,,,,"Android 4.4 ""KitKat""",Oppo,Oppo R7,[737],2015/05,
34,,,,,,"Android 4.4 ""KitKat""",Oppo,Oppo Neo 5 (2015),[738],2015/08,
35,,,,,,"Android 4.4 ""KitKat""",Oppo,Oppo Joy 3,[739],2015/08,
36,,,,,,"Android 5.0 ""Lollipop""",Oppo,Oppo Neo 7,[740],2015/10,
37,,,,,,"Android 5.0 ""Lollipop""",Oppo,Oppo F1,[741],2016/01,
38,,,,,,"Android 7.0 ""Nougat""",Oppo,Oppo R11,[742],2017/06,
39,,,,,,"Android 8.0 ""Oreo""",Oppo,Oppo F7,[743],2018/04,
40,,,,,,"Android 8.0 ""Oreo""",Oppo,Oppo R15 Pro,[744],2018/04,
41,,,,,,"Android 8.0 ""Oreo""",Oppo,Oppo Find X,[745],2018/07,
42,,,,,,"Android 8.0 ""Oreo""",Oppo,Oppo F9,[746],2018/08,
43,,,,,,"Android 8.0 ""Oreo""",Oppo,Oppo R17,[747],2018/09,
44,,,,,,"Android 9.0 ""Pie""",Oppo,Oppo Reno,[748],2019/04,
45,,,,,,"Android 9.0 ""Pie""",Oppo,Oppo Reno2,[749],2019/09,
46,,,,,,"Android 9.0 ""Pie""",Oppo,Oppo A9 (2020),[750],2019/09,
47,,,,,,Android 10,Oppo,Oppo Reno3 5G/Pro 5G,[751][752],2019/12,
48,,,,,,Android 10,Oppo,Oppo Reno3 Pro,[753],2020/03,
49,,,,,,Android 10,Oppo,Oppo Find X2/Pro,[754][755],2020/03,
50,,,,,,Android 10,Oppo,Oppo Reno3,[756],2020/03,
51,,,,,,Android 10,Oppo,Oppo Ace2,[757],2020/04,
52,,,,,,"Android 9.0 ""Pie""",Oppo,Oppo A12,[758],2020/04,
53,,,,,,Android 10,Oppo,Oppo A52,[759],2020/04,
54,,,,,,Android 10,Oppo,Oppo A72/A92s,[760][761],2020/04,
55,,,,,,Android 10,Oppo,Oppo Find X2 Lite/Neo,[762][763],2020/05,
56,,,,,,Android 10,Oppo,Oppo A92,[764],2020/05,
57,,,,,,Android 10,Oppo,Oppo Reno4 5G/Pro 5G,[765][766],2020/06,
58,,,,,,"Android 9.0 ""Pie""",Oppo,Oppo A12s,[767],2020/07,
59,,,,,,Android 10,Oppo,Oppo A72 5G,[768],2020/07,
60,,,,,,Android 10,Oppo,Oppo Reno4/Pro,[769][770],2020/08,
61,,,,,,Android 10,Oppo,Oppo F17/Pro,[771][772],2020/09,
62,,,,,,Android 10,Oppo,Oppo Reno4 SE,[773],2020/09,
63,,,,,,Android 10,Oppo,Oppo Reno4 Lite,[774],2020/09,
64,,,,,,Android 10,Oppo,Oppo Reno4 Z 5G,[775],2020/10,
65,,,,,,Android 10,Oppo,Oppo A93/Reno4 F,[776][777],2020/10,
66,,,,,,Android 10,Oppo,Oppo A73,[778],2020/11,
67,,,,,,Android 10,Oppo,Oppo A73 5G,[779],2020/11,
68,,,,,,Android 11,Oppo,Oppo Reno5 5G/Pro 5G/Pro+ 5G,[780][781][782],2021/01,
69,,,,,,Android 11,Oppo,Oppo Reno5,[783],2021/01,
70,,,,,,Android 11,Oppo,Oppo Find X3/Pro,[784][785],2021/03,
71,,,,,,Android 11,Oppo,Oppo Find X3 Neo/Lite,[786][787],2021/03,
0,,,,,,"Android 8.0 ""Oreo""","Palm, Inc.",Palm,[788],2018/10,
1,,,,,,"Android 7.0 ""Nougat""",Panasonic,Panasonic P100,[789],2018/02,
2,,,,,,"Android 7.0 ""Nougat""",Google,Pixel/XL,[790],2016/10,
3,,,,,,"Android 8.0 ""Oreo""",Google,Pixel 2/XL,[790],2017/10,
4,,,,,,"Android 9.0 ""Pie""",Google,Pixel 3/XL,[790],2018/10,
5,,,,,,"Android 9.0 ""Pie""",Google,Pixel 3a/XL,[790],2019/03,
6,,,,,,Android 10,Google,Pixel 4/XL,[790],2019/10,
7,,,,,,Android 10,Google,Pixel 4a,[790],2020/08,
8,,,,,,Android 11,Google,Pixel 4a (5G),[790],2020/11,
9,,,,,,Android 11,Google,Pixel 5,[790],2020/10,
0,,,,,,"Android 7.0 ""Nougat""",Razer Inc.,Razer Phone,[791],2017/11,
1,,,,,,"Android 8.0 ""Oreo""",Razer Inc.,Razer Phone 2,[792],2018/10,
2,,,,,,"Android 8.0 ""Oreo""",Realme,Realme 1,[793][794],2018/05,
3,,,,,,"Android 8.0 ""Oreo""",Realme,Realme 2,[795][796],2018/09,
4,,,,,,"Android 8.0 ""Oreo""",Realme,Realme C1,[797],2018/10,
5,,,,,,"Android 8.0 ""Oreo""",Realme,Realme 2 Pro,[798],2018/10,
6,,,,,,"Android 8.0 ""Oreo""",Realme,Realme U1,[799],2018/12,
7,,,,,,"Android 9.0 ""Pie""",Realme,Realme 3,[800],2019/03,
8,,,,,,"Android 9.0 ""Pie""",Realme,Realme C2,[801],2019/05,
9,,,,,,"Android 9.0 ""Pie""",Realme,Realme 3 Pro,[802],2019/05,
10,,,,,,"Android 9.0 ""Pie""",Realme,Realme X,[803],2019/07,
11,,,,,,"Android 9.0 ""Pie""",Realme,Realme 3i,[804],2019/07,
12,,,,,,"Android 9.0 ""Pie""",Realme,Realme 5,[805],2019/08,
13,,,,,,"Android 9.0 ""Pie""",Realme,Realme 5 Pro,[806],2019/09,
14,,,,,,"Android 9.0 ""Pie""",Realme,Realme XT,[807],2019/09,
15,,,,,,"Android 9.0 ""Pie""",Realme,Realme X2,[808],2019/09,
16,,,,,,"Android 9.0 ""Pie""",Realme,Realme X2 Pro,[809],2019/10,
17,,,,,,"Android 9.0 ""Pie""",Realme,Realme 5i,[810],2020/01,
18,,,,,,Android 10,Realme,Realme X50,[811],2020/01,
19,,,,,,Android 10,Realme,Realme C3,[812],2020/02,
20,,,,,,Android 10,Realme,Realme X50 Pro,[813],2020/03,
21,,,,,,Android 10,Realme,Realme 6,[814],2020/03,
22,,,,,,Android 10,Realme,Realme 6 Pro,[815],2020/03,
23,,,,,,Android 10,Realme,Realme 6i,[816],2020/03,
24,,,,,,Android 10,Realme,Realme X50 Pro Player,[817],2020/06,
25,,,,,,Android 10,Realme,Realme X3 SuperZoom,[818],2020/06,
26,,,,,,Android 10,Realme,Realme Narzo,[819],2020/06,
27,,,,,,Android 10,Realme,Realme C3i,[820],2020/06,
28,,,,,,Android 10,Realme,Realme X3,[818],2020/06,
29,,,,,,Android 10,Realme,Realme C11,[821],2020/06,
30,,,,,,Android 10,Realme,Realme C15,[822],2020/07,
31,,,,,,Android 10,Realme,Realme V5,[823],2020/08,
32,,,,,,Android 10,Realme,Realme C12,[824],2020/08,
33,,,,,,Android 10,Realme,Realme V3,[825],2020/09,
34,,,,,,Android 10,Realme,Realme X7/Pro,[826][827],2020/09,
35,,,,,,Android 10,Realme,Realme 7 (Asia)/Pro,[828][829],2020/09,
36,,,,,,Android 10,Realme,Realme 7i,[830],2020/09,
37,,,,,,Android 10,Realme,Realme C17,[831],2020/09,
38,,,,,,Android 10,Realme,Realme Narzo 20/Pro/20A,[832][833][834],2020/09,
39,,,,,,Android 10,Realme,Realme 7 (Global),[835],2020/10,
40,,,,,,Android 10,Realme,Realme Q2/Pro/2i,[836][837][838],2020/10,
41,,,,,,Android 10,Realme,Realme 7 5G,[839],2020/11,
42,,,,,,Android 10,Realme,Realme 7i (Global),[840],2020/12,
43,,,,,,Android 10,Realme,Realme V15,[841],2021/01,
44,,,,,,Android 10,Realme,Realme C20,[842],2021/01,
45,,,,,,Android 10,Realme,Realme X7 (India),[843],2021/02,
46,,,,,,Android 11,Realme,Realme V11,[844],2021/02,
47,,,,,,Android 10,Realme,Realme Narzo 30 Pro/30A,[845][846],2020/03,
48,,,,,,Android 10,Realme,Realme C21,[847],2021/03,
49,,,,,,Android 11,Realme,Realme GT,[848],2021/03,
50,,,,,,Android 11,Realme,Realme C15,[849],2021/03,
51,,,,,,Android 11,Realme,Realme 8/Pro,[850][851],2021/03,
52,,,,,,Android 11,Realme,Realme V13,[852],2021/04,
53,,,,,,Android 11,Realme,Realme GT Neo,[853],2021/04,
54,,,,,,Android 11,Realme,Realme X7 Pro Ultra,[854],2021/04,
55,,,,,,Android 11,Realme,Realme 8 5G,[855],2021/04,
56,,,,,,Android 11,Realme,Realme Q3/Pro/3i,[856][857][858],2021/04,
57,,,,,,"Android 4.1 ""Jelly Bean""",Xiaomi,Redmi 1,[859],2013/08,
58,,,,,,"Android 4.1 ""Jelly Bean""",Xiaomi,Redmi 1S,[860],2014/02,
59,,,,,,"Android 4.1 ""Jelly Bean""",Xiaomi,Redmi Note (3G),[861],2014/03,
60,,,,,,"Android 4.1 ""Jelly Bean""",Xiaomi,Redmi Note 4G,[862],2014/08,
61,,,,,,"Android 4.4 ""KitKat""",Xiaomi,Redmi Note Prime,[863],2014/12,
62,,,,,,"Android 4.4 ""KitKat""",Xiaomi,Redmi 2,[864],2015/01,
63,,,,,,"Android 4.4 ""KitKat""",Xiaomi,Redmi 2A,[865],2015/04,
64,,,,,,"Android 4.4 ""KitKat""",Xiaomi,Redmi 2 Prime,[866],2015/08,
65,,,,,,"Android 5.0 ""Lollipop""",Xiaomi,Redmi Note 2,[867],2015/08,
66,,,,,,"Android 4.4 ""KitKat""",Xiaomi,Redmi 2 Pro,[868],2015/10,
67,,,,,,"Android 5.0 ""Lollipop""",Xiaomi,Redmi Note 3 (MTK),[869],2015/11,
68,,,,,,"Android 5.0 ""Lollipop""",Xiaomi,Redmi 3,[870],2016/01,
69,,,,,,"Android 5.0 ""Lollipop""",Xiaomi,Redmi Note 3/Pro,[871],2016/03,
70,,,,,,"Android 5.0 ""Lollipop""",Xiaomi,Redmi 3 Pro,[872],2016/04,
71,,,,,,"Android 6.0 ""Marshmallow""",Xiaomi,Redmi 3S,[873][874],2016/06,
72,,,,,,"Android 6.0 ""Marshmallow""",Xiaomi,Redmi 3X,[874],2016/07,
73,,,,,,"Android 6.0 ""Marshmallow""",Xiaomi,Redmi 3S Prime,[875],2016/08,
74,,,,,,"Android 6.0 ""Marshmallow""",Xiaomi,Redmi Pro,[876],2016/08,
75,,,,,,"Android 6.0 ""Marshmallow""",Xiaomi,Redmi Note 4 (MTK),[877],2016/08,
76,,,,,,"Android 6.0 ""Marshmallow""",Xiaomi,Redmi 4/Pro/Prime,[878][879],2016/08,
77,,,,,,"Android 6.0 ""Marshmallow""",Xiaomi,Redmi 4A,[880],2016/11,
78,,,,,,"Android 6.0 ""Marshmallow""",Xiaomi,Redmi Note 4/4X,[881],2017/01,
79,,,,,,"Android 6.0 ""Marshmallow""",Xiaomi,Redmi 4X,[882],2017/02,
80,,,,,,"Android 7.0 ""Nougat""",Xiaomi,Redmi Note 5A/Prime,[883][884],2017/09,
81,,,,,,"Android 7.0 ""Nougat""",Xiaomi,Redmi 5A,[885],2017/10,
82,,,,,,"Android 7.0 ""Nougat""",Xiaomi,Redmi 5/5 Plus,[886][887],2017/12,
83,,,,,,"Android 7.0 ""Nougat""",Xiaomi,Redmi Note 5 Pro,[888],2018/02,
84,,,,,,"Android 8.0 ""Oreo""",Xiaomi,Redmi Note 5,[889],2018/03,
85,,,,,,"Android 8.0 ""Oreo""",Xiaomi,Redmi S2/Y2,[890],2018/05,
86,,,,,,"Android 8.0 ""Oreo""",Xiaomi,Redmi 6/6A/6 Pro,[891][892][893],2018/06,
87,,,,,,"Android 8.0 ""Oreo""",Xiaomi,Redmi Note 6 Pro,[894],2018/10,
88,,,,,,"Android 9.0 ""Pie""",Xiaomi,Redmi Note 7,[895],2019/02,
89,,,,,,"Android 8.0 ""Oreo""",Xiaomi,Redmi Go,[896],2019/02,
90,,,,,,"Android 9.0 ""Pie""",Xiaomi,Redmi Note 7 Pro,[897],2019/03,
91,,,,,,"Android 9.0 ""Pie""",Xiaomi,Redmi 7,[898],2019/03,
92,,,,,,"Android 9.0 ""Pie""",Xiaomi,Redmi Y3,[899],2019/04,
93,,,,,,"Android 9.0 ""Pie""",Xiaomi,Redmi 7A,[900],2019/05,
94,,,,,,"Android 9.0 ""Pie""",Xiaomi,Redmi K20/Pro,[901][902],2019/06,
95,,,,,,"Android 9.0 ""Pie""",Xiaomi,Redmi Note 8/Pro,[903][904],2019/09,
96,,,,,,"Android 9.0 ""Pie""",Xiaomi,Redmi 8A,[905],2019/09,
97,,,,,,"Android 9.0 ""Pie""",Xiaomi,Redmi 8,[906],2019/10,
98,,,,,,"Android 9.0 ""Pie""",Xiaomi,Redmi Note 8T,[907],2019/11,
99,,,,,,Android 10,Xiaomi,Redmi K30/5G,[908][909],2019/12,
100,,,,,,"Android 9.0 ""Pie""",Xiaomi,Redmi 8A Dual,[910],2020/02,
101,,,,,,Android 10,Xiaomi,Redmi Note 9 Pro (India)/Pro Max/9S,[911][912][913],2020/03,
102,,,,,,Android 10,Xiaomi,Redmi K30 Pro/Pro Zoom,[914][915],2020/03,
103,,,,,,Android 10,Xiaomi,Redmi Note 9/Pro (Global),[916][917],2020/05,
104,,,,,,Android 10,Xiaomi,Redmi 10X/Pro,[918][919][920],2020/06,
105,,,,,,Android 10,Xiaomi,Redmi 9,[921],2020/06,
106,,,,,,Android 10,Xiaomi,Redmi 9A,[922],2020/07,
107,,,,,,Android 10,Xiaomi,Redmi 9C,[923],2020/08,
108,,,,,,Android 10,Xiaomi,Redmi 9 Prime,[924],2020/08,
109,,,,,,Android 10,Xiaomi,Redmi K30 Ultra,[925],2020/08,
110,,,,,,Android 10,Xiaomi,Redmi K30S,[926],2020/11,
111,,,,,,Android 10,Xiaomi,Redmi Note 9 4G/5G/Pro 5G,[927][928][929],2020/11,
112,,,,,,Android 10,Xiaomi,Redmi 9 Power,[930],2020/12,
113,,,,,,Android 10,Xiaomi,Redmi 9T/Note 9T,[931][932],2021/01,
114,,,,,,Android 11,Xiaomi,Redmi K40/Pro/Pro+,[933][934][935],2021/03,
115,,,,,,Android 11,Xiaomi,Redmi Note 10/Pro/Pro Max,[936][937][938][939],2021/03,
116,,,,,,Android 11,Xiaomi,Redmi Note 10S/5G,[940][941],2021/04,
117,,,,,,Android 11,Xiaomi,Redmi K40 Gaming,[942],2021/04,
118,,,,,,Android 11,Xiaomi,Redmi Note 8 2021,[943],2021/05,
1,,,,,,"Android 2.0 ""Eclair""",Samsung,Samsung Galaxy S1,[945],2010/06,
2,,,,,,"Android 2.3 ""Gingerbread""",Samsung,Samsung Galaxy S2,[946],2011/04,
3,,,,,,"Android 2.3 ""Gingerbread""",Samsung,Samsung Galaxy Xcover,[947],2011/10,
4,,,,,,"Android 2.3 ""Gingerbread""",Samsung,Samsung Galaxy Note,[948],2011/10,
5,,,,,,"Android 4.0 ""Ice Cream Sandwich""",Samsung,Samsung Galaxy S3,[949],2012/05,
6,,,,,,"Android 4.0 ""Ice Cream Sandwich""",Samsung,Samsung Galaxy Note 2,[950],2012/09,
7,,,,,,"Android 4.1 ""Jelly Bean""",Samsung,Samsung Galaxy Xcover 2,[951],2013/03,
8,,,,,,"Android 4.1 ""Jelly Bean""",Samsung,Samsung Galaxy S4,[952],2013/04,
9,,,,,,"Android 4.1 ""Jelly Bean""",Samsung,Samsung Galaxy S4 Zoom,[953],2013/07,
10,,,,,,"Android 4.1 ""Jelly Bean""",Samsung,Samsung Galaxy Note 3,[954],2013/09,
11,,,,,,"Android 4.1 ""Jelly Bean""",Samsung,Samsung Galaxy Note 3 Neo,[955],2014/02,
12,,,,,,"Android 4.4 ""KitKat""",Samsung,Samsung Galaxy S5,[956],2014/04,
13,,,,,,"Android 4.4 ""KitKat""",Samsung,Samsung Galaxy Alpha,[957][958],2014/09,
14,,,,,,"Android 5.0 ""Lollipop""",Samsung,Samsung Galaxy Grand Prime,[959],2014/09,
15,,,,,,"Android 4.4 ""KitKat""",Samsung,Samsung Galaxy Note 4,[960],2014/10,
16,,,,,,"Android 4.4 ""KitKat""",Samsung,Samsung Galaxy Note Edge,[961],2014/11,
17,,,,,,"Android 4.4 ""KitKat""",Samsung,Samsung Galaxy A5 Duos,[962],2014/11,
18,,,,,,"Android 4.4 ""KitKat""",Samsung,Samsung Galaxy A5,[963][964],2014/12,
19,,,,,,"Android 4.4 ""KitKat""",Samsung,Samsung Galaxy A3/Duos,[965][966],2014/12,
20,,,,,,"Android 4.4 ""KitKat""",Samsung,Samsung Galaxy A7/Duos,[967][968],2015/02,
21,,,,,,"Android 5.0 ""Lollipop""",Samsung,Samsung Galaxy S6/Edge,[969][970],2015/04,
22,,,,,,"Android 4.4 ""KitKat""",Samsung,Samsung Galaxy Xcover 3,[971],2015/04,
23,,,,,,"Android 5.0 ""Lollipop""",Samsung,Samsung Galaxy A8/Duos,[972][973],2015/08,
24,,,,,,"Android 5.0 ""Lollipop""",Samsung,Samsung Galaxy Note 5,[974],2015/08,
25,,,,,,"Android 5.0 ""Lollipop""",Samsung,Samsung Galaxy S6 Edge+,[975],2015/08,
26,,,,,,"Android 5.0 ""Lollipop""",Samsung,Samsung Galaxy A3 (2016)/A5 (2016)/A7 (2016),[976][977][978],2015/12,
27,,,,,,"Android 5.0 ""Lollipop""",Samsung,Samsung Galaxy A9 (2016),[979],2016/01,
28,,,,,,"Android 6.0 ""Marshmallow""",Samsung,Samsung Galaxy S7/Edge,[980][981],2016/03,
29,,,,,,"Android 6.0 ""Marshmallow""",Samsung,Samsung Galaxy Xcover 3 G389F,[982],2016/04,
30,,,,,,"Android 6.0 ""Marshmallow""",Samsung,Samsung Galaxy A9 Pro (2016),[983],2016/05,
31,,,,,,"Android 6.0 ""Marshmallow""",Samsung,Samsung Galaxy C7,,2016/06,
32,,,,,,"Android 6.0 ""Marshmallow""",Samsung,Samsung Galaxy Note 7,[984],2016/09,
33,,,,,,"Android 6.0 ""Marshmallow""",Samsung,Samsung Galaxy A8 (2016),[985],2016/10,
34,,,,,,"Android 6.0.1 ""Marshmallow""",Samsung,Samsung Galaxy C9 Pro,,2016/11,
35,,,,,,"Android 6.0 ""Marshmallow""",Samsung,Samsung Galaxy A3 (2017)/A5 (2017)/A7 (2017),[986][987][988],2017/01,
36,,,,,,"Android 7.0 ""Nougat""",Samsung,Samsung Galaxy Xcover 4,[989],2017/04,
37,,,,,,"Android 7.0 ""Nougat""",Samsung,Samsung Galaxy S8/+,[990][991],2017/04,
38,,,,,,"Android 7.0 ""Nougat""",Samsung,Samsung Galaxy Note FE,[992],2017/07,
39,,,,,,"Android 7.0 ""Nougat""",Samsung,Samsung Galaxy Note 8,[993],2017/08,
40,,,,,,"Android 7.1.1 ""Nougat""",Samsung,Samsung Galaxy C8,,2017/09,
41,,,,,,"Android 7.1.2 ""Nougat""",Samsung,Samsung Galaxy C5,,2017/10,
42,,,,,,"Android 7.0 ""Nougat""",Samsung,Samsung Galaxy A8 (2018)/+,[994][995],2018/01,
43,,,,,,"Android 8.0 ""Oreo""",Samsung,Samsung Galaxy S9/+,[996][997],2018/03,
44,,,,,,"Android 8.0 ""Oreo""",Samsung,Samsung Galaxy A6/+,[998][999],2018/05,
45,,,,,,"Android 8.0 ""Oreo""",Samsung,Samsung Galaxy A8 Star,[1000],2018/06,
46,,,,,,"Android 8.0 ""Oreo""",Samsung,Samsung Galaxy Note 9,[1001],2018/08,
47,,,,,,"Android 8.0 ""Oreo""",Samsung,Samsung Galaxy A7 (2018),[1002],2018/10,
48,,,,,,"Android 8.0 ""Oreo""",Samsung,Samsung Galaxy A9 (2018),[1003],2018/11,
49,,,,,,"Android 8.0 ""Oreo""",Samsung,Samsung Galaxy A6s,[1004],2018/11,
50,,,,,,"Android 9.0 ""Pie""",Samsung,Samsung Galaxy A8s,[1005],2018/12,
51,,,,,,"Android 9.0 ""Pie""",Samsung,Samsung Galaxy A10,[1006],2019/03,
52,,,,,,"Android 9.0 ""Pie""",Samsung,Samsung Galaxy A30,[1007],2019/03,
53,,,,,,"Android 9.0 ""Pie""",Samsung,Samsung Galaxy A50,[1008],2019/03,
54,,,,,,"Android 9.0 ""Pie""",Samsung,Samsung Galaxy S10/e/+,[1009][1010][1011],2019/03,
55,,,,,,"Android 9.0 ""Pie""",Samsung,Samsung Galaxy S10 5G,[1012],2019/04,
56,,,,,,"Android 9.0 ""Pie""",Samsung,Samsung Galaxy A20/A40,[1013][1014],2019/04,
57,,,,,,"Android 8.0 ""Oreo""",Samsung,Samsung Galaxy A2 Core,[1015],2019/04,
58,,,,,,"Android 9.0 ""Pie""",Samsung,Samsung Galaxy A20e,[1016],2019/05,
59,,,,,,"Android 9.0 ""Pie""",Samsung,Samsung Galaxy A70,[1017],2019/05,
60,,,,,,"Android 9.0 ""Pie""",Samsung,Samsung Galaxy A80,[1018],2019/05,
61,,,,,,"Android 9.0 ""Pie""",Samsung,Samsung Galaxy A60,[1019],2019/06,
62,,,,,,"Android 9.0 ""Pie""",Samsung,Samsung Galaxy Xcover 4s,[1020],2019/07,
63,,,,,,"Android 9.0 ""Pie""",Samsung,Samsung Galaxy A10e,[1021],2019/08,
64,,,,,,"Android 9.0 ""Pie""",Samsung,Samsung Galaxy Note 10/+,[1022][1023],2019/08,
65,,,,,,"Android 9.0 ""Pie""",Samsung,Samsung Galaxy A10s,[1024],2019/08,
66,,,,,,"Android 9.0 ""Pie""",Samsung,Samsung Galaxy A30s/A50s,[1025][1026],2019/09,
67,,,,,,"Android 9.0 ""Pie""",Samsung,Samsung Galaxy A90 5G,[1027],2019/09,
68,,,,,,"Android 9.0 ""Pie""",Samsung,Samsung Galaxy A70s,[1028],2019/09,
69,,,,,,"Android 9.0 ""Pie""",Samsung,Samsung Galaxy Fold,[1029],2019/09,
70,,,,,,"Android 9.0 ""Pie""",Samsung,Samsung Galaxy A20s,[1030],2019/10,
71,,,,,,Android 10,Samsung,Samsung Galaxy A51/A71,[1031][1032],2019/12,
72,,,,,,Android 10,Samsung,Samsung Galaxy A01,[1033],2020/01,
73,,,,,,Android 10,Samsung,Samsung Galaxy Xcover Pro,[1034],2020/01,
74,,,,,,Android 10,Samsung,Samsung Galaxy Z Flip,[1035],2020/02,
75,,,,,,Android 10,Samsung,Samsung Galaxy S20/+/Ultra,[1036][1037][1038],2020/03,
76,,,,,,"Android 8.0 ""Oreo""",Samsung,Samsung Galaxy Xcover FieldPro,[1039],2020/04,
77,,,,,,Android 10,Samsung,Samsung Galaxy A31,[1040],2020/04,
78,,,,,,Android 10,Samsung,Samsung Galaxy A11,[1041],2020/05,
79,,,,,,Android 10,Samsung,Samsung Galaxy A41,[1042],2020/05,
80,,,,,,Android 10,Samsung,Samsung Galaxy A51 5G/A71 5G,[1043][1044],2020/06,
81,,,,,,Android 10,Samsung,Samsung Galaxy A21,[1045],2020/06,
82,,,,,,Android 10,Samsung,Samsung Galaxy A21s,[1046],2020/07,
83,,,,,,Android 10,Samsung,Samsung Galaxy A71 5G UW,[1047],2020/06,
84,,,,,,Android 10,Samsung,Samsung Galaxy Z Flip 5G,[1048],2020/08,
85,,,,,,Android 10,Samsung,Samsung Galaxy Note 20/Ultra,[1049][1050],2020/08,
86,,,,,,Android 10,Samsung,Samsung Galaxy Z Fold 2,[1051],2020/08,
87,,,,,,Android 10,Samsung,Samsung Galaxy A01 Core,[1052],2020/08,
88,,,,,,Android 10,Samsung,Samsung Galaxy A51 5G UW,[1053],2020/08,
89,,,,,,Android 10,Samsung,Samsung Galaxy A42 5G,[1054],2020/09,
90,,,,,,Android 10,Samsung,Samsung Galaxy S20 FE,[1055][1056],2020/10,
91,,,,,,Android 10,Samsung,Samsung Galaxy F41,[1057],2020/10,
92,,,,,,Android 10,Samsung,Samsung Galaxy M21s,[1058],2020/11,
93,,,,,,Android 10,Samsung,Samsung Galaxy A12,[1059],2020/12,
94,,,,,,Android 10,Samsung,Samsung Galaxy A02s/M02s,[1060][1061],2021/01,
95,,,,,,Android 11,Samsung,Samsung Galaxy A32 5G,[1062],2021/01,
96,,,,,,Android 11,Samsung,Samsung Galaxy S21/+/Ultra,[1063][1064][1065],2021/01,
97,,,,,,Android 10,Samsung,Samsung Galaxy A02,[1066],2021/01,
98,,,,,,Android 10,Samsung,Samsung Galaxy M02,[1067],2021/02,
99,,,,,,Android 11,Samsung,Samsung Galaxy M12,[1068],2021/02,
100,,,,,,Android 11,Samsung,Samsung Galaxy F62,[1069],2021/02,
101,,,,,,Android 11,Samsung,Samsung Galaxy M62,[1070],2021/03,
102,,,,,,Android 11,Samsung,Samsung Galaxy A32,[1071],2021/03,
103,,,,,,Android 11,Samsung,Samsung Galaxy Xcover 5,[1072],2021/03,
104,,,,,,Android 11,Samsung,Samsung Galaxy A52/A52 5G,[1073][1074],2021/03,
105,,,,,,Android 11,Samsung,Samsung Galaxy A72,[1075],2021/03,
106,,,,,,Android 10,Samsung,Samsung Galaxy F02s,[1076],2021/04,
107,,,,,,Android 11,Samsung,Samsung Galaxy F12,[1077],2021/04,
108,,,,,,"Android 1.6 ""Donut""",Sony,Sony Ericsson Xperia X10,[1078],2010/03,
109,,,,,,"Android 1.6 ""Donut""",Sony,Sony Ericsson Xperia X8,[1079],2010/06,
110,,,,,,"Android 2.3 ""Gingerbread""",Sony,Sony Ericsson Xperia Play,[1080],2011/04,
111,,,,,,"Android 2.3 ""Gingerbread""",Sony,Sony Ericsson Xperia pro,[1081],2011/10,
112,,,,,,"Android 4.1 ""Jelly Bean""",Sony,Sony Xperia Z,[1082],2013/02,
113,,,,,,"Android 4.1 ""Jelly Bean""",Sony,Sony Xperia Z Ultra,[1083],2013/09,
114,,,,,,"Android 4.1 ""Jelly Bean""",Sony,Sony Xperia Z1,[1084],2013/09,
115,,,,,,"Android 4.1 ""Jelly Bean""",Sony,Sony Xperia Z1 Compact,[1085],2014/02,
116,,,,,,"Android 4.4 ""KitKat""",Sony,Sony Xperia Z2,[1086],2014/05,
117,,,,,,"Android 4.4 ""KitKat""",Sony,Sony Xperia Z3/Compact,[1087],2014/09,
118,,,,,,"Android 5.0 ""Lollipop""",Sony,Sony Xperia Z4,[1088],2015/06,
119,,,,,,"Android 5.0 ""Lollipop""",Sony,Sony Xperia Z5/Compact,[1089],2015/10,
120,,,,,,"Android 5.0 ""Lollipop""",Sony,Sony Xperia Z5 Premium,[1090],2015/11,
121,,,,,,"Android 6.0 ""Marshmallow""",Sony,Sony Xperia X/Performance,[1091],2016/02,
122,,,,,,"Android 6.0 ""Marshmallow""",Sony,Sony Xperia XA,[1092],2016/06,
123,,,,,,"Android 6.0 ""Marshmallow""",Sony,Sony Xperia XA Ultra,[1093],2016/07,
124,,,,,,"Android 6.0 ""Marshmallow""",Sony,Sony Xperia X Compact,[1094],2016/09,
125,,,,,,"Android 6.0 ""Marshmallow""",Sony,Sony Xperia XZ,[1095],2016/09,
126,,,,,,"Android 7.0 ""Nougat""",Sony,Sony Xperia XZs/Premium,[1096],2017/02,
127,,,,,,"Android 7.0 ""Nougat""",Sony,Sony Xperia XA1,[1097],2017/04,
128,,,,,,"Android 7.0 ""Nougat""",Sony,Sony Xperia XA1 Ultra,[1098],2017/05,
129,,,,,,"Android 7.0 ""Nougat""",Sony,Sony Xperia L1,[1099],2017/06,
130,,,,,,"Android 8.0 ""Oreo""",Sony,Sony Xperia XZ1/Compact,[1100],2017/08,
131,,,,,,"Android 7.0 ""Nougat""",Sony,Sony Xperia XA1 Plus,[1101],2017/10,
132,,,,,,"Android 7.0 ""Nougat""",Sony,Sony Xperia L2,[1102],2018/01,
133,,,,,,"Android 8.0 ""Oreo""",Sony,Sony Xperia XA2/Ultra,[1103][1104],2018/02,
134,,,,,,"Android 8.0 ""Oreo""",Sony,Sony Xperia XZ2/Compact,[1105],2018/02,
135,,,,,,"Android 8.0 ""Oreo""",Sony,Sony Xperia XZ2 Premium,[1106],2018/04,
136,,,,,,"Android 9.0 ""Pie""",Sony,Sony Xperia XZ3,[1107],2018/08,
137,,,,,,"Android 8.0 ""Oreo""",Sony,Sony Xperia XA2 Plus,[1108],2018/09,
138,,,,,,"Android 9.0 ""Pie""",Sony,Sony Xperia 10/10 Plus,[1109][1110],2019/02,
139,,,,,,"Android 8.0 ""Oreo""",Sony,Sony Xperia L3,[1111],2019/02,
140,,,,,,"Android 9.0 ""Pie""",Sony,Sony Xperia 1,[1112],2019/05,
141,,,,,,"Android 9.0 ""Pie""",Sony,Sony Xperia 5,[1113],2019/09,
142,,,,,,"Android 9.0 ""Pie""",Sony,Sony Xperia 8,[1114],2019/10,
143,,,,,,"Android 9.0 ""Pie""",Sony,Sony Xperia L4,[1115],2020/04,
144,,,,,,Android 10,Sony,Sony Xperia 1 II,[1116],2020/05,
145,,,,,,Android 10,Sony,Sony Xperia 10 II,[1117],2020/05,
146,,,,,,Android 10,Sony,Sony Xperia 5 II,[1118],2020/10,
147,,,,,,Android 10,Sony,Sony Xperia Pro,[1119],2021/01,
148,,,,,,Android 11,Sony,Sony Xperia 10 III,[1120],2021/04,
149,,,,,,Android 11,Sony,Sony Xperia 5 III,[1121],2021/04,
150,,,,,,Android 11,Sony,Sony Xperia 1 III,[1122],2021/04,
151,,,,,,Android 10,Microsoft,Surface Duo,[1123],2020/09,
0,,,,,,"Android 9.0 ""Pie""",TCL,TCL Plex,[1124],2019/10,
1,,,,,,Android 10,TCL,TCL 10L,[1125],2020/05,
2,,,,,,Android 10,TCL,TCL 10 Pro,[1126],2020/05,
3,,,,,,Android 10,TCL,TCL 10 SE,[1127],2020/07,
4,,,,,,Android 10,TCL,TCL 10 5G,[1128],2020/07,
5,,,,,,Android 10,TCL,TCL 10 Plus,[1129],2020/09,
6,,,,,,"Android 6.0 ""Marshmallow""",Tecno,Tecno Phantom 6/Plus,[1130][1131],2016/09,
7,,,,,,"Android 7.0 ""Nougat""",Tecno,Tecno Camon CX,[1132],2017/03,
8,,,,,,"Android 7.0 ""Nougat""",Tecno,Tecno Camon CX Air,[1133],2017/04,
9,,,,,,"Android 7.0 ""Nougat""",Tecno,Tecno Spark,[1134],2017/05,
10,,,,,,"Android 7.0 ""Nougat""",Tecno,Tecno Spark Plus,[1135],2017/06,
11,,,,,,"Android 7.0 ""Nougat""",Tecno,Tecno Phantom 8,[1136],2017/09,
12,,,,,,"Android 7.0 ""Nougat""",Tecno,Tecno Spark Pro,[1137],2017/10,
13,,,,,,"Android 7.0 ""Nougat""",Tecno,Tecno Camon CM,[1138],2017/12,
14,,,,,,"Android 7.0 ""Nougat""",Tecno,Tecno Spark CM,[1139],2017/12,
15,,,,,,"Android 8.0 ""Oreo""",Tecno,Tecno Camon X/Pro,[1140][1141],2018/03,
16,,,,,,"Android 8.0 ""Oreo""",Tecno,Tecno Spark 2,[1142],2018/06,
17,,,,,,"Android 8.0 ""Oreo""",Tecno,Tecno Camon 11/Pro,[1143][1144],2018/09,
18,,,,,,"Android 8.0 ""Oreo""",Tecno,Tecno Camon iACE2/2X,[1145][1146],2019/02,
19,,,,,,"Android 9.0 ""Pie""",Tecno,Tecno Spark 3/Pro,[1147][1148],2019/04,
20,,,,,,"Android 9.0 ""Pie""",Tecno,Tecno Phantom 9,[1149],2019/07,
21,,,,,,"Android 9.0 ""Pie""",Tecno,Tecno Spark Go,[1150],2019/08,
22,,,,,,"Android 9.0 ""Pie""",Tecno,Tecno Spark 4/Air/Lite,[1151][1152][1153],2016/08,
23,,,,,,"Android 9.0 ""Pie""",Tecno,Tecno Camon 12,[1154],2019/08,
24,,,,,,"Android 9.0 ""Pie""",Tecno,Tecno Camon 12 Pro,[1155],2019/09,
25,,,,,,"Android 9.0 ""Pie""",Tecno,Tecno Camon 12 Air,[1156],2019/10,
26,,,,,,Android 10,Tecno,Tecno Camon 15/Pro,[1157][1158],2020/02,
27,,,,,,Android 10,Tecno,Tecno Camon 15 Air/Premier,[1159][1160],2020/04,
28,,,,,,Android 10,Tecno,Tecno Spark 5,[1161],2020/05,
29,,,,,,Android 10,Tecno,Tecno Spark 5 Air,[1162],2020/05,
30,,,,,,Android 10,Tecno,Tecno Spark 5 Pro,[1163],2020/05,
31,,,,,,Android 10,Tecno,Tecno Spark Power 2,[1164],2020/06,
32,,,,,,Android 10,Tecno,Tecno Pouvoir 4/Pro,[1165][1166],2020/07,
33,,,,,,Android 10,Tecno,Tecno Camon 16 Premier,[1167],2020/09,
34,,,,,,Android 10,Tecno,Tecno Spark 6 Air,[1168],2020/09,
35,,,,,,Android 10,Tecno,Tecno Spark 6,[1169],2020/09,
36,,,,,,Android 10,Tecno,Tecno Camon 16,[1170],2020/10,
37,,,,,,Android 10,Tecno,Tecno Pova,[1171],2020/10,
0,,,,,,"Android 4.1 ""Jelly Bean""",Vivo,Vivo X1,[1172],2012/11,
1,,,,,,"Android 4.1 ""Jelly Bean""",Vivo,Vivo X3,[1173],2013/08,
2,,,,,,"Android 4.1 ""Jelly Bean""",Vivo,Vivo X3S,[1174],2014/12,
3,,,,,,"Android 4.4 ""KitKat""",Vivo,Vivo X5/Max,[1175][1176],2014/12,
4,,,,,,"Android 4.4 ""KitKat""",Vivo,Vivo X5Max+,[1177],2015/03,
5,,,,,,"Android 5.0 ""Lollipop""",Vivo,Vivo X5Pro,[1178],2015/05,
6,,,,,,"Android 4.4 ""KitKat""",Vivo,Vivo X5Max Platinum,[1179],2015/06,
7,,,,,,"Android 5.0 ""Lollipop""",Vivo,Vivo V1,[1180],2015/07,
8,,,,,,"Android 5.0 ""Lollipop""",Vivo,Vivo V1 Max,[1181],2015/08,
9,,,,,,"Android 5.0 ""Lollipop""",Vivo,Vivo X6/Plus,[1182][1183],2015/11,
10,,,,,,"Android 5.0 ""Lollipop""",Vivo,Vivo X6S/Plus,[1184][1185],2016/03,
11,,,,,,"Android 5.0 ""Lollipop""",Vivo,Vivo V3/Max,[1186][1187],2016/04,
12,,,,,,"Android 5.0 ""Lollipop""",Vivo,Vivo X7/Plus,[1188][1189],2016/07,
13,,,,,,"Android 6.0 ""Marshmallow""",Vivo,Vivo X9/Plus,[1190][1191],2016/07,
14,,,,,,"Android 6.0 ""Marshmallow""",Vivo,Vivo V5,[1192],2016/11,
15,,,,,,"Android 6.0 ""Marshmallow""",Vivo,Vivo V5 Plus,[1193],2017/01,
16,,,,,,"Android 6.0 ""Marshmallow""",Vivo,Vivo V5 Lite/Y66,[1194],2017/02,
17,,,,,,"Android 6.0 ""Marshmallow""",Vivo,Vivo V5s,[1195],2017/05,
18,,,,,,"Android 7.0 ""Nougat""",Vivo,Vivo X9s/Plus,[1196][1197],2017/07,
19,,,,,,"Android 7.0 ""Nougat""",Vivo,Vivo V7+,[1198],2017/09,
20,,,,,,"Android 7.0 ""Nougat""",Vivo,Vivo X20/Plus,[1199][1200],2017/09,
21,,,,,,"Android 7.0 ""Nougat""",Vivo,Vivo V7,[1201],2017/12,
22,,,,,,"Android 7.0 ""Nougat""",Vivo,Vivo X20 Plus UD,[1202],2018/01,
23,,,,,,"Android 8.0 ""Oreo""",Vivo,Vivo X21/UD,[1203][1204],2018/03,
24,,,,,,"Android 8.0 ""Oreo""",Vivo,Vivo V9/Youth,[1205][1206],2018/04,
25,,,,,,"Android 8.0 ""Oreo""",Vivo,Vivo X21i,[1207],2018/05,
26,,,,,,"Android 8.0 ""Oreo""",Vivo,Vivo NEX,[1208],2018/06,
27,,,,,,"Android 8.0 ""Oreo""",Vivo,Vivo V11,[1209],2018/09,
28,,,,,,"Android 8.0 ""Oreo""",Vivo,Vivo X23,[1210],2018/09,
29,,,,,,"Android 8.0 ""Oreo""",Vivo,Vivo V11i,[1211],2018/09,
30,,,,,,"Android 9.0 ""Pie""",Vivo,Vivo NEX Dual Display,[1212],2018/12,
31,,,,,,"Android 9.0 ""Pie""",Vivo,Vivo V15/Pro,[1213][1214],2019/03,
32,,,,,,"Android 9.0 ""Pie""",Vivo,Vivo X27/Pro,[1215][1216],2019/03,
33,,,,,,"Android 9.0 ""Pie""",Vivo,Vivo V17 Neo,[1217],2019/08,
34,,,,,,"Android 9.0 ""Pie""",Vivo,Vivo NEX 3,[1218][1219],2019/09,
35,,,,,,"Android 9.0 ""Pie""",Vivo,Vivo V17 Pro,[1220],2019/09,
36,,,,,,"Android 9.0 ""Pie""",Vivo,Vivo V17,[1221][1222],2019/12,
37,,,,,,"Android 9.0 ""Pie""",Vivo,Vivo X30/Pro,[1223][1224],2019/12,
38,,,,,,Android 10,Vivo,Vivo NEX 3S,[1225],2020/03,
39,,,,,,Android 10,Vivo,Vivo V19,[1226],2020/04,
40,,,,,,Android 10,Vivo,Vivo X50 Lite,[1227],2020/05,
41,,,,,,Android 10,Vivo,Vivo X50/Pro/Pro+,[1228][1229][1230],2020/06,
42,,,,,,Android 10,Vivo,Vivo V19 Neo,[1231],2020/06,
43,,,,,,Android 10,Vivo,Vivo V20 Pro,[1232],2020/09,
44,,,,,,Android 10,Vivo,Vivo X50e,[1233]>,2020/10,
45,,,,,,Android 10,Vivo,Vivo V20 SE,[1234],2020/10,
46,,,,,,Android 11,Vivo,Vivo V20,[1235],2020/10,
47,,,,,,Android 10,Vivo,Vivo X51,[1236],2020/10,
48,,,,,,Android 11,Vivo,Vivo V20 (2021),[1237],2020/12,
49,,,,,,Android 11,Vivo,Vivo X60/Pro/Pro+,[1238][1239][1240],2021/01,
0,,,,,,"Android 2.3 ""Gingerbread""",Xiaomi,Xiaomi Mi 1,[1241],2011/12,
1,,,,,,"Android 4.0 ""Ice Cream Sandwich""",Xiaomi,Xiaomi Mi 1S,[1242],2012/08,
2,,,,,,"Android 4.1 ""Jelly Bean""",Xiaomi,Xiaomi Mi 2,[1243],2012/10,
3,,,,,,"Android 4.1 ""Jelly Bean""",Xiaomi,Xiaomi Mi 2S/A,[1244][1245],2013/04,
4,,,,,,"Android 4.1 ""Jelly Bean""",Xiaomi,Xiaomi Mi 3/TD,[1246],2013/12,
5,,,,,,"Android 4.4 ""KitKat""",Xiaomi,Xiaomi Mi 4,[1247],2014/08,
6,,,,,,"Android 4.4 ""KitKat""",Xiaomi,Xiaomi Mi Note,[1248],2015/01,
7,,,,,,"Android 5.0 ""Lollipop""",Xiaomi,Xiaomi Mi Note Pro,[1249],2015/05,
8,,,,,,"Android 5.0 ""Lollipop""",Xiaomi,Xiaomi Mi 4i,[1250],2015/04,
9,,,,,,"Android 5.0 ""Lollipop""",Xiaomi,Xiaomi Mi 4c,[1251],2015/09,
10,,,,,,"Android 5.0 ""Lollipop""",Xiaomi,Xiaomi Mi 4S,[1252],2016/03,
11,,,,,,"Android 6.0 ""Marshmallow""",Xiaomi,Xiaomi Mi 5,[1253],2016/04,
12,,,,,,"Android 6.0 ""Marshmallow""",Xiaomi,Xiaomi Mi Max/Pro,[1254],2016/05,
13,,,,,,"Android 6.0 ""Marshmallow""",Xiaomi,Xiaomi Mi 5s/Plus,[1255][1256],2016/10,
14,,,,,,"Android 6.0 ""Marshmallow""",Xiaomi,Xiaomi Mi Note 2,[1257],2016/11,
15,,,,,,"Android 6.0 ""Marshmallow""",Xiaomi,Xiaomi Mi MIX,[1258],2016/11,
16,,,,,,"Android 6.0 ""Marshmallow""",Xiaomi,Xiaomi Mi 5c,[1259],2017/03,
17,,,,,,"Android 7.0 ""Nougat""",Xiaomi,Xiaomi Mi 6,[1260],2017/04,
18,,,,,,"Android 7.0 ""Nougat""",Xiaomi,Xiaomi Mi Max 2,[1261],2017/06,
19,,,,,,"Android 7.0 ""Nougat""",Xiaomi,Xiaomi Mi 5X/Mi A1,[1262],2017/08,
20,,,,,,"Android 7.0 ""Nougat""",Xiaomi,Xiaomi Mi Note 3,[1263],2017/09,
21,,,,,,"Android 7.0 ""Nougat""",Xiaomi,Xiaomi Mi MIX 2,[1264],2017/09,
22,,,,,,"Android 8.0 ""Oreo""",Xiaomi,Xiaomi Mi MIX 2S,[1265],2018/04,
23,,,,,,"Android 8.0 ""Oreo""",Xiaomi,Xiaomi Mi 6X/Mi A2,[1266],2018/04,
24,,,,,,"Android 8.0 ""Oreo""",Xiaomi,Xiaomi Black Shark,[1267],2018/04,
25,,,,,,"Android 8.0 ""Oreo""",Xiaomi,Xiaomi Mi 8/SE/EE,[1268][1269][1270],2018/06,
26,,,,,,"Android 8.0 ""Oreo""",Xiaomi,Xiaomi Mi Max 3,[1271],2018/07,
27,,,,,,"Android 8.0 ""Oreo""",Xiaomi,Xiaomi Pocophone F1,[1272],2018/08,
28,,,,,,"Android 8.0 ""Oreo""",Xiaomi,Xiaomi Mi 8 Pro/Lite,[1273][1274],2018/09,
29,,,,,,"Android 9.0 ""Pie""",Xiaomi,Xiaomi Mi MIX 3,[1275],2018/11,
30,,,,,,"Android 8.0 ""Oreo""",Xiaomi,Xiaomi Black Shark Helo,[1276],2018/11,
31,,,,,,"Android 8.0 ""Oreo""",Xiaomi,Xiaomi Mi Play,[1277],2018/12,
32,,,,,,"Android 9.0 ""Pie""",Xiaomi,Xiaomi Mi 9/SE,[1278][1279],2019/03,
33,,,,,,"Android 9.0 ""Pie""",Xiaomi,Xiaomi Black Shark 2,[1280],2019/03,
34,,,,,,"Android 9.0 ""Pie""",Xiaomi,Xiaomi Mi MIX 3 5G,[1281],2019/05,
35,,,,,,"Android 9.0 ""Pie""",Xiaomi,Xiaomi Mi 9T,[1282],2019/06,
36,,,,,,"Android 9.0 ""Pie""",Xiaomi,Xiaomi Mi A3,[1283],2019/07,
37,,,,,,"Android 9.0 ""Pie""",Xiaomi,Xiaomi Mi 9T Pro,[1284],2019/08,
38,,,,,,"Android 9.0 ""Pie""",Xiaomi,Xiaomi Black Shark 2 Pro,[1285],2019/08,
39,,,,,,"Android 9.0 ""Pie""",Xiaomi,Xiaomi Mi 9 Lite,[1286],2019/09,
40,,,,,,Android 10,Xiaomi,Xiaomi Mi 9 Pro/Pro 5G,[1287][1288],2019/09,
41,,,,,,"Android 9.0 ""Pie""",Xiaomi,Xiaomi Mi Note 10/Pro,[1289][1290],2019/11,
42,,,,,,Android 10,Xiaomi,Xiaomi Mi 10/Pro,[1291][1292],2020/02,
43,,,,,,Android 10,Xiaomi,Xiaomi Black Shark 3/Pro,[1293][1294],2020/03,
44,,,,,,Android 10,Xiaomi,Xiaomi Mi 10 Lite,[1295],2020/05,
45,,,,,,Android 10,Xiaomi,Xiaomi Mi 10 Youth,[1296],2020/05,
46,,,,,,Android 10,Xiaomi,Xiaomi Mi Note 10 Lite,[1297],2020/05,
47,,,,,,Android 10,Xiaomi,POCO M2 Pro,[1298],2020/07,
48,,,,,,Android 10,Xiaomi,Xiaomi Mi 10 Ultra,[1299],2020/08,
49,,,,,,Android 10,Xiaomi,POCO X3 NFC,[1300],2020/09,
50,,,,,,Android 10,Xiaomi,POCO M2,[1301],2020/09,
51,,,,,,Android 10,Xiaomi,POCO X3,[1302],2020/09,
52,,,,,,Android 10,Xiaomi,Xiaomi Mi 10T/Pro/Lite,[1303][1304][1305],2020/10,
53,,,,,,Android 10,Xiaomi,POCO C3,[1306],2020/10,
54,,,,,,Android 10,Xiaomi,POCO M3,[1307],2020/11,
55,,,,,,Android 11,Xiaomi,Xiaomi Mi 11,[1308],2021/01,
56,,,,,,Android 10,Xiaomi,Xiaomi Mi 10i,[1309],2021/01,
57,,,,,,Android 11,Xiaomi,Xiaomi Mi 10S,[1310],2021/03,
58,,,,,,Android 11,Xiaomi,POCO X3 Pro,[1311],2021/03,
59,,,,,,Android 11,Xiaomi,POCO F3,[1312],2021/03,
60,,,,,,Android 11,Xiaomi,Xiaomi Black Shark 4/Pro,[1313][1314],2021/03,
61,,,,,,Android 11,Xiaomi,Xiaomi Mi 11 Pro/Ultra/11i,[1315][1316][1317],2021/04,
62,,,,,,Android 11,Xiaomi,Xiaomi Mi 11 Lite/Lite 5G,[1318][1319],2021/04,
63,,,,,,Android 11,Xiaomi,Xiaomi Mi MIX Fold,[1320],2021/04,
64,,,,,,Android 10,Xiaomi,POCO M2 Reloaded,[1321],2021/04,
65,,,,,,Android 11,Xiaomi,Xiaomi Mi 11X/Pro,[1322][1323],2021/04,
0,,,,,,"Android 2.0 ""Eclair""",ZTE,ZTE Racer,[1324],2010/07,
1,,,,,,"Android 2.0 ""Eclair""",ZTE,ZTE Blade,[1325],2010/11,
2,,,,,,"Android 2.0 ""Eclair""",ZTE,ZTE Libra,[1326],2011/09,
3,,,,,,"Android 2.2 ""Froyo""",ZTE,ZTE Racer II,[1327],2011/09,
4,,,,,,"Android 2.3 ""Gingerbread""",ZTE,ZTE Skate,[1328],2011/09,
5,,,,,,"Android 2.3 ""Gingerbread""",ZTE,ZTE Score,[1329],2011/09,
6,,,,,,"Android 2.3 ""Gingerbread""",ZTE,ZTE Warp,[1330],2011/10,
8,,,,,,"Android 2.2 ""Froyo""",ZTE,ZTE FTV Phone,[1332],2011/12,
9,,,,,,"Android 2.3 ""Gingerbread""",ZTE,ZTE Blade II V880+,[1333],2012/03,
10,,,,,,"Android 2.3 ""Gingerbread""",ZTE,ZTE Score M,[1334],2012/03,
11,,,,,,"Android 2.3 ""Gingerbread""",ZTE,ZTE V880E,[1335],2012/05,
12,,,,,,"Android 2.3 ""Gingerbread""",ZTE,ZTE Kis V788,[1336],2012/07,
13,,,,,,"Android 4.0 ""Ice Cream Sandwich""",ZTE,ZTE Grand X,[1337],2012/07,
14,,,,,,"Android 4.0 ""Ice Cream Sandwich""",ZTE,ZTE Grand X IN,[1338],2012/09,
15,,,,,,"Android 4.0 ""Ice Cream Sandwich""",ZTE,ZTE Blade III,[1339],2012/09,
16,,,,,,"Android 4.0 ""Ice Cream Sandwich""",ZTE,ZTE Grand Era,[1340],2012/09,
17,,,,,,"Android 4.0 ""Ice Cream Sandwich""",ZTE,ZTE Warp Sequent,[1341],2012/09,
18,,,,,,"Android 4.0 ""Ice Cream Sandwich""",ZTE,ZTE Grand X LTE,[1342],2012/11,
19,,,,,,"Android 4.0 ""Ice Cream Sandwich""",ZTE,ZTE Flash,[1343],2012/11,
20,,,,,,"Android 2.3 ""Gingerbread""",ZTE,ZTE Groove X501,[1344],2012/11,
21,,,,,,"Android 2.3 ""Gingerbread""",ZTE,ZTE Kis III V790,[1345],2012/11,
22,,,,,,"Android 4.0 ""Ice Cream Sandwich""",ZTE,ZTE N910,[1346],2012/12,
23,,,,,,"Android 4.0 ""Ice Cream Sandwich""",ZTE,ZTE Era,[1347],2012/12,
24,,,,,,"Android 4.0 ""Ice Cream Sandwich""",ZTE,ZTE V887,[1348],2012/12,
25,,,,,,"Android 4.0 ""Ice Cream Sandwich""",ZTE,ZTE V889M,[1349],2012/12,
26,,,,,,"Android 4.0 ""Ice Cream Sandwich""",ZTE,ZTE Avid 4G,[1350],2012/12,
27,,,,,,"Android 4.1 ""Jelly Bean""",ZTE,ZTE Grand S,[1351],2013/03,
28,,,,,,"Android 4.0 ""Ice Cream Sandwich""",ZTE,ZTE Director,[1352],2013/03,
29,,,,,,"Android 4.1 ""Jelly Bean""",ZTE,ZTE Blade C V807,[1353],2013/04,
30,,,,,,"Android 4.1 ""Jelly Bean""",ZTE,ZTE Blade III Pro,[1354],2013/04,
31,,,,,,"Android 4.1 ""Jelly Bean""",ZTE,ZTE Blade G V880G,[1355],2013/04,
32,,,,,,"Android 4.1 ""Jelly Bean""",ZTE,ZTE Blade G2,[1356],2013/07,
33,,,,,,"Android 4.1 ""Jelly Bean""",ZTE,ZTE Blade V,[1357],2013/09,
34,,,,,,"Android 4.1 ""Jelly Bean""",ZTE,ZTE Blade Q/Maxi/Mini,[1358][1359][1360],2013/10,
35,,,,,,"Android 4.1 ""Jelly Bean""",ZTE,ZTE Blade L2,[1361],2014/05,
36,,,,,,"Android 4.4 ""KitKat""",ZTE,ZTE Blade Vec 3G/4G,[1362][1363],2014/11,
37,,,,,,"Android 5.0 ""Lollipop""",ZTE,ZTE Blade S6,[1364],2015/02,
38,,,,,,"Android 4.4 ""KitKat""",ZTE,ZTE Blade G/Lux,[1365][1366],2015/02,
39,,,,,,"Android 5.0 ""Lollipop""",ZTE,ZTE Blade L3,[1367],2015/02,
40,,,,,,"Android 4.4 ""KitKat""",ZTE,ZTE Blade L3 Plus,[1368],2015/03,
41,,,,,,"Android 5.0 ""Lollipop""",ZTE,ZTE Blade S6 Plus,[1369],2015/04,
42,,,,,,"Android 4.4 ""KitKat""",ZTE,ZTE Blade Qlux 4G,[1370],2015/06,
43,,,,,,"Android 5.0 ""Lollipop""",ZTE,ZTE Blade Q Pro,[1371],2015,
44,,,,,,"Android 4.4 ""KitKat""",ZTE,ZTE Blade Apex 3,[1372],2015/06,
45,,,,,,"Android 5.0 ""Lollipop""",ZTE,ZTE Blade A410,[1373],2015/06,
46,,,,,,"Android 5.0 ""Lollipop""",ZTE,ZTE Blade A460,[1374],2015/06,
47,,,,,,"Android 5.0 ""Lollipop""",ZTE,ZTE Axon Pro/Lux,[1375][1376],2015/07,
48,,,,,,"Android 5.0 ""Lollipop""",ZTE,ZTE Blade D6,[1377],2015/07,
49,,,,,,"Android 5.0 ""Lollipop""",ZTE,ZTE Axon Elite,[1378],2015/09,
50,,,,,,"Android 5.0 ""Lollipop""",ZTE,ZTE Axon mini,[1379],2015/10,
51,,,,,,"Android 5.0 ""Lollipop""",ZTE,ZTE Blade S7,[1380],2015/10,
52,,,,,,"Android 5.0 ""Lollipop""",ZTE,ZTE Axon,[1381],2015/10,
53,,,,,,"Android 5.0 ""Lollipop""",ZTE,ZTE Blade X3/5/9,[1382][1383][1384],2015/11,
54,,,,,,"Android 5.0 ""Lollipop""",ZTE,ZTE Axon Max,[1385],2015/12,
55,,,,,,"Android 5.0 ""Lollipop""",ZTE,ZTE Blade V7/Lite,[1386][1387],2016/02,
56,,,,,,"Android 6.0 ""Marshmallow""",ZTE,ZTE Axon 7,[1388],2016/05,
57,,,,,,"Android 6.0 ""Marshmallow""",ZTE,ZTE Axon 7 mini,[1389],2016/09,
58,,,,,,"Android 6.0 ""Marshmallow""",ZTE,ZTE Axon 7 Max,[1390],2016/10,
59,,,,,,"Android 7.0 ""Nougat""",ZTE,ZTE Axon 7s,[1391],2017/04,
60,,,,,,"Android 6.0 ""Marshmallow""",ZTE,ZTE Maven 2,[1392],2017/07,
61,,,,,,"Android 7.0 ""Nougat""",ZTE,ZTE Blade A6,[1393],2017/08,
62,,,,,,"Android 7.0 ""Nougat""",ZTE,ZTE Axon M,[1394],2017/10,
63,,,,,,"Android 7.0 ""Nougat""",ZTE,ZTE Blade X,[1395],2017/10,
64,,,,,,"Android 7.0 ""Nougat""",ZTE,ZTE Blade A3,[1396],2017/11,
65,,,,,,"Android 8.0 ""Oreo""",ZTE,ZTE Tempo Go,[1397],2018/02,
66,,,,,,"Android 8.0 ""Oreo""",ZTE,ZTE Blade V9/Vita,[1398][1399],2018/02,
67,,,,,,"Android 8.0 ""Oreo""",ZTE,ZTE Axon 9 Pro,[1400],2018/08,
68,,,,,,"Android 8.0 ""Oreo""",ZTE,ZTE Blade A7 Vita,[1401],2018/12,
69,,,,,,"Android 9.0 ""Pie""",ZTE,ZTE Blade V10/Vita,[1402][1403],2019/02,
70,,,,,,"Android 9.0 ""Pie""",ZTE,ZTE Axon 10 Pro/5G,[1404][1405],2019/02,
71,,,,,,"Android 9.0 ""Pie""",ZTE,ZTE Blade L8,[1406],2019/04,
72,,,,,,"Android 9.0 ""Pie""",ZTE,ZTE Blade A3 (2019),[1407],2019/04,
73,,,,,,"Android 9.0 ""Pie""",ZTE,ZTE Blade A7,[1408],2019/05,
74,,,,,,"Android 9.0 ""Pie""",ZTE,ZTE Blade A5 (2019),[1409],2019/05,
75,,,,,,"Android 9.0 ""Pie""",ZTE,ZTE Blade A20,[1410],2019/10,
76,,,,,,"Android 9.0 ""Pie""",ZTE,ZTE Blade 10 Prime,[1411],2019/11,
77,,,,,,"Android 9.0 ""Pie""",ZTE,ZTE Blade A7 Prime,[1412],2019/11,
78,,,,,,"Android 7.0 ""Nougat""",ZTE,ZTE Blade Max View,[1413],2019/11,
79,,,,,,Android 10,ZTE,ZTE Axon 10s Pro 5G,[1414],2020/02,
80,,,,,,Android 10,ZTE,ZTE Axon 11 4G/5G,[1415][1416],2020/03,
81,,,,,,Android 10,ZTE,ZTE Blade V 2020,[1417],2020/05,
82,,,,,,Android 10,ZTE,ZTE Axon 11 SE 5G,[1418],2020/06,
83,,,,,,Android 10,ZTE,ZTE Axon 20 5G,[1419],2020/09,
84,,,,,,Android 10,ZTE,ZTE Blade A7s 2020,[1420],2020/09,
85,,,,,,Android 10,ZTE,ZTE Blade 20 5G,[1421],2020/09,
86,,,,,,Android 10,ZTE,ZTE Axon 20 4G,[1422],2020/09,
87,,,,,,Android 11,ZTE,ZTE S30/Pro/SE,[1423][1424][1425],2021/04,
88,,,,,,Android 11,ZTE,ZTE Axon 30 Pro/Ultra,[1426][1427],2021/04,
89,,,,,,Android 10,ZTE,ZTE Blade 11 Prime,[1428],2020/09,
1,,,,,,iOS,Apple,iPad 9.7 (2017),,,Apple iPad 9.7 (2017)
2,,,,,,iOS,Apple,Watch Edition Series 2 42mm,,,Apple Watch Edition Series 2 42mm
3,,,,,,iOS,Apple,Watch Edition Series 2 38mm,,,Apple Watch Edition Series 2 38mm
4,,,,,,iOS,Apple,Watch Series 2 42mm,,,Apple Watch Series 2 42mm
5,,,,,,iOS,Apple,Watch Series 2 38mm,,,Apple Watch Series 2 38mm
6,,,,,,iOS,Apple,Watch Series 2 Aluminum 42mm,,,Apple Watch Series 2 Aluminum 42mm
7,,,,,,iOS,Apple,Watch Series 1 Aluminum 42mm,,,Apple Watch Series 1 Aluminum 42mm
8,,,,,,iOS,Apple,Watch Series 2 Aluminum 38mm,,,Apple Watch Series 2 Aluminum 38mm
9,,,,,,iOS,Apple,Watch Series 1 Aluminum 38mm,,,Apple Watch Series 1 Aluminum 38mm
10,,,,,,iOS,Apple,iPhone 7 Plus,,,Apple iPhone 7 Plus
11,,,,,,iOS,Apple,iPhone 7,,,Apple iPhone 7
12,,,,,,iOS,Apple,iPad Pro 9.7 (2016),,,Apple iPad Pro 9.7 (2016)
13,,,,,,iOS,Apple,iPhone SE,,,Apple iPhone SE
14,,,,,,iOS,Apple,iPhone 6s Plus,,,Apple iPhone 6s Plus
15,,,,,,iOS,Apple,iPhone 6s,,,Apple iPhone 6s
16,,,,,,iOS,Apple,iPad Pro 12.9 (2015),,,Apple iPad Pro 12.9 (2015)
17,,,,,,iOS,Apple,iPad mini 4 (2015),,,Apple iPad mini 4 (2015)
18,,,,,,iOS,Apple,Watch Edition 42mm (1st gen),,,Apple Watch Edition 42mm (1st gen)
19,,,,,,iOS,Apple,Watch Edition 38mm (1st gen),,,Apple Watch Edition 38mm (1st gen)
20,,,,,,iOS,Apple,Watch 42mm (1st gen),,,Apple Watch 42mm (1st gen)
21,,,,,,iOS,Apple,Watch 38mm (1st gen),,,Apple Watch 38mm (1st gen)
22,,,,,,iOS,Apple,Watch Sport 42mm (1st gen),,,Apple Watch Sport 42mm (1st gen)
23,,,,,,iOS,Apple,Watch Sport 38mm (1st gen),,,Apple Watch Sport 38mm (1st gen)
24,,,,,,iOS,Apple,iPad 9.7 (2017),,,Apple iPad 9.7 (2017)
25,,,,,,iOS,Apple,Watch Edition Series 2 42mm,,,Apple Watch Edition Series 2 42mm
26,,,,,,iOS,Apple,Watch Edition Series 2 38mm,,,Apple Watch Edition Series 2 38mm
27,,,,,,iOS,Apple,Watch Series 2 42mm,,,Apple Watch Series 2 42mm
28,,,,,,iOS,Apple,Watch Series 2 38mm,,,Apple Watch Series 2 38mm
29,,,,,,iOS,Apple,Watch Series 2 Aluminum 42mm,,,Apple Watch Series 2 Aluminum 42mm
30,,,,,,iOS,Apple,Watch Series 1 Aluminum 42mm,,,Apple Watch Series 1 Aluminum 42mm
31,,,,,,iOS,Apple,Watch Series 2 Aluminum 38mm,,,Apple Watch Series 2 Aluminum 38mm
32,,,,,,iOS,Apple,Watch Series 1 Aluminum 38mm,,,Apple Watch Series 1 Aluminum 38mm
33,,,,,,iOS,Apple,iPhone 7 Plus,,,Apple iPhone 7 Plus
34,,,,,,iOS,Apple,iPhone 8,,,Apple iPhone 8
35,,,,,,iOS,Apple,iPad Pro 9.7 (2016),,,Apple iPad Pro 9.7 (2016)
36,,,,,,iOS,Apple,iPhone SE,,,Apple iPhone SE
37,,,,,,iOS,Apple,iPhone 6s Plus,,,Apple iPhone 6s Plus
38,,,,,,iOS,Apple,iPhone 6s,,,Apple iPhone 6s
39,,,,,,iOS,Apple,iPad Pro 12.9 (2015),,,Apple iPad Pro 12.9 (2015)
40,,,,,,iOS,Apple,iPad mini 4 (2015),,,Apple iPad mini 4 (2015)
41,,,,,,iOS,Apple,Watch Edition 42mm (1st gen),,,Apple Watch Edition 42mm (1st gen)
42,,,,,,iOS,Apple,Watch Edition 38mm (1st gen),,,Apple Watch Edition 38mm (1st gen)
43,,,,,,iOS,Apple,Watch 42mm (1st gen),,,Apple Watch 42mm (1st gen)
44,,,,,,iOS,Apple,Watch 38mm (1st gen),,,Apple Watch 38mm (1st gen)
45,,,,,,iOS,Apple,Watch Sport 42mm (1st gen),,,Apple Watch Sport 42mm (1st gen)
46,,,,,,iOS,Apple,Watch Sport 38mm (1st gen),,,Apple Watch Sport 38mm (1st gen)
47,,,,,,iOS,Apple,iPad 9.7 (2017),,,Apple iPad 9.7 (2017)
48,,,,,,iOS,Apple,Watch Edition Series 2 42mm,,,Apple Watch Edition Series 2 42mm
49,,,,,,iOS,Apple,Watch Edition Series 2 38mm,,,Apple Watch Edition Series 2 38mm
50,,,,,,iOS,Apple,Watch Series 2 42mm,,,Apple Watch Series 2 42mm
51,,,,,,iOS,Apple,Watch Series 2 38mm,,,Apple Watch Series 2 38mm
52,,,,,,iOS,Apple,Watch Series 2 Aluminum 42mm,,,Apple Watch Series 2 Aluminum 42mm
53,,,,,,iOS,Apple,Watch Series 1 Aluminum 42mm,,,Apple Watch Series 1 Aluminum 42mm
54,,,,,,iOS,Apple,Watch Series 2 Aluminum 38mm,,,Apple Watch Series 2 Aluminum 38mm
55,,,,,,iOS,Apple,Watch Series 1 Aluminum 38mm,,,Apple Watch Series 1 Aluminum 38mm
56,,,,,,iOS,Apple,iPhone 7 Plus,,,Apple iPhone 7 Plus
57,,,,,,iOS,Apple,iPhone 9,,,Apple iPhone 9
58,,,,,,iOS,Apple,iPad Pro 9.7 (2016),,,Apple iPad Pro 9.7 (2016)
59,,,,,,iOS,Apple,iPhone SE,,,Apple iPhone SE
60,,,,,,iOS,Apple,iPhone 6s Plus,,,Apple iPhone 6s Plus
61,,,,,,iOS,Apple,iPhone 6s,,,Apple iPhone 6s
62,,,,,,iOS,Apple,iPad Pro 12.9 (2015),,,Apple iPad Pro 12.9 (2015)
63,,,,,,iOS,Apple,iPad mini 4 (2015),,,Apple iPad mini 4 (2015)
64,,,,,,iOS,Apple,Watch Edition 42mm (1st gen),,,Apple Watch Edition 42mm (1st gen)
65,,,,,,iOS,Apple,Watch Edition 38mm (1st gen),,,Apple Watch Edition 38mm (1st gen)
66,,,,,,iOS,Apple,Watch 42mm (1st gen),,,Apple Watch 42mm (1st gen)
67,,,,,,iOS,Apple,Watch 38mm (1st gen),,,Apple Watch 38mm (1st gen)
68,,,,,,iOS,Apple,Watch Sport 42mm (1st gen),,,Apple Watch Sport 42mm (1st gen)
69,,,,,,iOS,Apple,Watch Sport 38mm (1st gen),,,Apple Watch Sport 38mm (1st gen)
70,,,,,,iOS,Apple,iPad 9.7 (2017),,,Apple iPad 9.7 (2017)
71,,,,,,iOS,Apple,Watch Edition Series 2 42mm,,,Apple Watch Edition Series 2 42mm
72,,,,,,iOS,Apple,Watch Edition Series 2 38mm,,,Apple Watch Edition Series 2 38mm
73,,,,,,iOS,Apple,Watch Series 2 42mm,,,Apple Watch Series 2 42mm
74,,,,,,iOS,Apple,Watch Series 2 38mm,,,Apple Watch Series 2 38mm
75,,,,,,iOS,Apple,Watch Series 2 Aluminum 42mm,,,Apple Watch Series 2 Aluminum 42mm
76,,,,,,iOS,Apple,Watch Series 1 Aluminum 42mm,,,Apple Watch Series 1 Aluminum 42mm
77,,,,,,iOS,Apple,Watch Series 2 Aluminum 38mm,,,Apple Watch Series 2 Aluminum 38mm
78,,,,,,iOS,Apple,Watch Series 1 Aluminum 38mm,,,Apple Watch Series 1 Aluminum 38mm
79,,,,,,iOS,Apple,iPhone 7 Plus,,,Apple iPhone 7 Plus
80,,,,,,iOS,Apple,iPhone 10,,,Apple iPhone 10
,,,,,,iOS,Apple,iPhone X,,,Apple iPhone X
,,,,,,iOS,Apple,iPhone 11,,,Apple iPhone 11
,,,,,,iOS,Apple,iPhone 11 Pro,,,Apple iPhone 11 Pro
,,,,,,iOS,Apple,iPhone 11 Pro Max,,,Apple iPhone 11 Pro Max
,,,,,,iOS,Apple,Apple iPhone 11 Max,,,Apple iPhone 11 Max
,,,,,,iOS,Apple,Apple iPhone 12,,,Apple iPhone 12
,,,,,,iOS,Apple,Apple iPhone 12 Pro,,,Apple iPhone 12 Pro
,,,,,,iOS,Apple,Apple iPhone 12 Pro Max,,,Apple iPhone 12 Pro Max
,,,,,,iOS,Apple,Apple iPhone 12 Max,,,Apple iPhone 12 Max
,,,,,,iOS,Apple,Apple iPhone XS,,,Apple iPhone XS
,,,,,,iOS,Apple,Apple iPhone XS Max,,,Apple iPhone XS Max
,,,,,,iOS,Apple,Apple iPhone SE 2,,,Apple iPhone SE 2
,,,,,,iOS,Apple,Apple iPhone 12 Mini,,,Apple iPhone 12 Mini
,,,,,,,Apple,Apple iPhone XR,,,