File,Line,Begin Offset,End Offset,Type
documents.txt,0,4,12,DEVICE
documents.txt,1,10,17,DEVICE
documents.txt,2,0,7,DEVICE
documents.txt,3,0,9,DEVICE
documents.txt,4,0,7,DEVICE
documents.txt,5,19,26,DEVICE
documents.txt,6,56,65,DEVICE
documents.txt,7,4,11,DEVICE
documents.txt,8,18,27,DEVICE
documents.txt,9,4,12,DEVICE
documents.txt,10,27,36,DEVICE
documents.txt,11,0,7,DEVICE
documents.txt,12,4,11,DEVICE
documents.txt,13,27,34,DEVICE
documents.txt,14,26,33,DEVICE
documents.txt,15,0,7,DEVICE
documents.txt,16,3,10,DEVICE
documents.txt,17,0,9,DEVICE
documents.txt,18,31,41,DEVICE
documents.txt,19,23,32,DEVICE
documents.txt,20,3,13,DEVICE
documents.txt,21,17,26,DEVICE
documents.txt,22,4,11,DEVICE
documents.txt,23,0,7,DEVICE
documents.txt,24,7,17,DEVICE
documents.txt,25,5,14,DEVICE
documents.txt,26,11,18,DEVICE
documents.txt,27,0,9,DEVICE
documents.txt,28,0,7,DEVICE
documents.txt,29,5,11,DEVICE
documents.txt,30,10,17,DEVICE
documents.txt,31,0,9,DEVICE
documents.txt,32,10,17,DEVICE
documents.txt,33,7,20,DEVICE
documents.txt,34,0,9,DEVICE
documents.txt,35,0,7,DEVICE
documents.txt,36,12,19,DEVICE
documents.txt,37,19,26,DEVICE
documents.txt,38,0,8,DEVICE
documents.txt,39,0,7,DEVICE
documents.txt,40,25,32,DEVICE
documents.txt,41,46,54,DEVICE
documents.txt,42,35,44,DEVICE
documents.txt,43,0,10,DEVICE
documents.txt,44,0,7,DEVICE
documents.txt,45,17,25,DEVICE
documents.txt,46,0,8,DEVICE
documents.txt,47,50,59,DEVICE
documents.txt,48,0,7,DEVICE
documents.txt,49,23,31,DEVICE
documents.txt,50,0,9,DEVICE
documents.txt,51,25,31,DEVICE
documents.txt,52,8,15,DEVICE
documents.txt,53,0,10,DEVICE
documents.txt,54,0,9,DEVICE
documents.txt,55,27,34,DEVICE
documents.txt,56,0,9,DEVICE
documents.txt,57,14,21,DEVICE
documents.txt,58,23,31,DEVICE
documents.txt,60,0,8,DEVICE
documents.txt,61,0,7,DEVICE
documents.txt,62,0,7,DEVICE
documents.txt,63,12,20,DEVICE
documents.txt,64,17,24,DEVICE
documents.txt,65,21,28,DEVICE
documents.txt,66,8,15,DEVICE
documents.txt,67,19,28,DEVICE
documents.txt,68,5,12,DEVICE
documents.txt,69,0,7,DEVICE
documents.txt,70,28,36,DEVICE
documents.txt,71,8,17,DEVICE
documents.txt,72,0,10,DEVICE
documents.txt,73,0,9,DEVICE
documents.txt,74,0,7,DEVICE
documents.txt,75,21,30,DEVICE
documents.txt,76,0,8,DEVICE
documents.txt,77,16,23,DEVICE
documents.txt,78,0,7,DEVICE
documents.txt,79,23,30,DEVICE
documents.txt,80,0,8,DEVICE
documents.txt,81,36,44,DEVICE
documents.txt,82,26,33,DEVICE
documents.txt,83,0,8,DEVICE
documents.txt,84,8,17,DEVICE
documents.txt,85,0,9,DEVICE
documents.txt,86,0,7,DEVICE
documents.txt,87,0,8,DEVICE
documents.txt,88,0,9,DEVICE
documents.txt,89,0,9,DEVICE
documents.txt,90,0,7,DEVICE
documents.txt,91,11,18,DEVICE
documents.txt,92,3,13,DEVICE
documents.txt,93,0,9,DEVICE
documents.txt,94,0,9,DEVICE
documents.txt,95,12,16,DEVICE
documents.txt,96,0,9,DEVICE
documents.txt,97,0,9,DEVICE
documents.txt,98,0,7,DEVICE
documents.txt,99,0,7,DEVICE
documents.txt,100,23,31,DEVICE
documents.txt,101,0,9,DEVICE
documents.txt,102,8,16,DEVICE
documents.txt,103,11,18,DEVICE
documents.txt,104,0,10,DEVICE
documents.txt,105,0,7,DEVICE
documents.txt,106,3,10,DEVICE
documents.txt,107,3,13,DEVICE
documents.txt,108,21,28,DEVICE
documents.txt,109,0,10,DEVICE
documents.txt,110,0,7,DEVICE
documents.txt,111,65,74,DEVICE
documents.txt,112,46,55,DEVICE
documents.txt,113,0,9,DEVICE
documents.txt,114,26,33,DEVICE
documents.txt,115,0,7,DEVICE
documents.txt,116,0,11,DEVICE
documents.txt,117,9,17,DEVICE
documents.txt,118,0,8,DEVICE
documents.txt,119,60,69,DEVICE
documents.txt,120,25,32,DEVICE
documents.txt,121,23,32,DEVICE
documents.txt,122,35,44,DEVICE
documents.txt,123,15,22,DEVICE
documents.txt,124,13,20,DEVICE
documents.txt,125,4,13,DEVICE
documents.txt,126,17,26,DEVICE
documents.txt,127,42,50,DEVICE
documents.txt,128,0,9,DEVICE
documents.txt,129,0,7,DEVICE
documents.txt,130,23,32,DEVICE
documents.txt,131,0,9,DEVICE
documents.txt,132,0,7,DEVICE
documents.txt,133,35,44,DEVICE
documents.txt,134,0,10,DEVICE
documents.txt,135,0,10,DEVICE
documents.txt,136,0,10,DEVICE
documents.txt,137,30,37,DEVICE
documents.txt,138,0,10,DEVICE
documents.txt,139,0,9,DEVICE
documents.txt,140,0,9,DEVICE
documents.txt,141,2,10,DEVICE
documents.txt,142,0,9,DEVICE
documents.txt,143,6,14,DEVICE
documents.txt,144,0,8,DEVICE
documents.txt,145,0,7,DEVICE
documents.txt,146,0,10,DEVICE
documents.txt,147,21,28,DEVICE
documents.txt,148,0,7,DEVICE
documents.txt,149,40,47,DEVICE
documents.txt,150,36,45,DEVICE
documents.txt,151,0,7,DEVICE
documents.txt,152,0,7,DEVICE
documents.txt,153,7,15,DEVICE
documents.txt,154,0,8,DEVICE
documents.txt,155,0,7,DEVICE
documents.txt,156,0,8,DEVICE
documents.txt,157,0,7,DEVICE
documents.txt,158,0,8,DEVICE
documents.txt,159,37,45,DEVICE
documents.txt,160,0,7,DEVICE
documents.txt,161,18,25,DEVICE
documents.txt,162,2,11,DEVICE
documents.txt,164,22,29,DEVICE
documents.txt,165,0,6,DEVICE
documents.txt,166,0,7,DEVICE
documents.txt,167,15,22,DEVICE
documents.txt,168,0,7,DEVICE
documents.txt,169,18,25,DEVICE
documents.txt,170,0,9,DEVICE
documents.txt,171,13,20,DEVICE
documents.txt,172,0,9,DEVICE
documents.txt,173,0,7,DEVICE
documents.txt,174,7,14,DEVICE
documents.txt,175,0,8,DEVICE
documents.txt,176,6,14,DEVICE
documents.txt,177,15,22,DEVICE
documents.txt,178,0,7,DEVICE
documents.txt,179,43,50,DEVICE
documents.txt,180,26,34,DEVICE
documents.txt,181,0,9,DEVICE
documents.txt,182,20,27,DEVICE
documents.txt,183,18,27,DEVICE
documents.txt,184,22,31,DEVICE
documents.txt,185,0,9,DEVICE
documents.txt,186,0,7,DEVICE
documents.txt,187,15,23,DEVICE
documents.txt,188,4,11,DEVICE
documents.txt,189,21,28,DEVICE
documents.txt,190,19,28,DEVICE
documents.txt,191,18,25,DEVICE
documents.txt,192,0,8,DEVICE
documents.txt,193,0,7,DEVICE
documents.txt,194,0,8,DEVICE
documents.txt,195,22,31,DEVICE
documents.txt,196,33,40,DEVICE
documents.txt,197,3,13,DEVICE
documents.txt,198,0,8,DEVICE
documents.txt,199,0,9,DEVICE
documents.txt,200,0,9,DEVICE
documents.txt,201,6,16,DEVICE
documents.txt,202,0,7,DEVICE
documents.txt,203,0,8,DEVICE
documents.txt,204,0,7,DEVICE
documents.txt,205,0,9,DEVICE
documents.txt,206,0,8,DEVICE
documents.txt,207,23,30,DEVICE
documents.txt,208,0,7,DEVICE
documents.txt,209,18,26,DEVICE
documents.txt,210,0,7,DEVICE
documents.txt,211,0,8,DEVICE
documents.txt,212,0,9,DEVICE
documents.txt,213,2,10,DEVICE
documents.txt,214,3,13,DEVICE
documents.txt,215,7,17,DEVICE
documents.txt,216,0,9,DEVICE
documents.txt,217,19,26,DEVICE
documents.txt,218,31,39,DEVICE
documents.txt,219,11,20,DEVICE
documents.txt,220,0,8,DEVICE
documents.txt,221,24,31,DEVICE
documents.txt,222,15,22,DEVICE
documents.txt,223,23,30,DEVICE
documents.txt,224,23,30,DEVICE
documents.txt,225,19,28,DEVICE
documents.txt,226,0,8,DEVICE
documents.txt,227,0,7,DEVICE
documents.txt,228,0,9,DEVICE
documents.txt,229,0,8,DEVICE
documents.txt,230,0,9,DEVICE
documents.txt,231,20,27,DEVICE
documents.txt,232,4,11,DEVICE
documents.txt,233,0,7,DEVICE
documents.txt,234,0,7,DEVICE
documents.txt,235,4,11,DEVICE
documents.txt,236,0,7,DEVICE
documents.txt,237,0,8,DEVICE
documents.txt,238,0,9,DEVICE
documents.txt,239,0,7,DEVICE
documents.txt,240,42,52,DEVICE
documents.txt,241,0,7,DEVICE
documents.txt,242,60,69,DEVICE
documents.txt,243,21,28,DEVICE
documents.txt,244,0,7,DEVICE
documents.txt,245,46,53,DEVICE
documents.txt,246,4,13,DEVICE
documents.txt,247,18,25,DEVICE
documents.txt,248,19,26,DEVICE
documents.txt,249,48,55,DEVICE
documents.txt,250,0,9,DEVICE
documents.txt,251,17,26,DEVICE
documents.txt,252,0,7,DEVICE
documents.txt,253,20,30,DEVICE
documents.txt,254,0,7,DEVICE
documents.txt,255,0,8,DEVICE
documents.txt,256,21,31,DEVICE
documents.txt,257,0,7,DEVICE
documents.txt,258,25,32,DEVICE
documents.txt,259,28,37,DEVICE
documents.txt,260,0,9,DEVICE
documents.txt,261,19,27,DEVICE
documents.txt,262,0,7,DEVICE
documents.txt,263,0,10,DEVICE
documents.txt,264,0,7,DEVICE
documents.txt,265,4,11,DEVICE
documents.txt,266,18,25,DEVICE
documents.txt,267,26,35,DEVICE
documents.txt,268,0,9,DEVICE
documents.txt,269,0,10,DEVICE
documents.txt,270,0,7,DEVICE
documents.txt,271,0,7,DEVICE
documents.txt,272,10,18,DEVICE
documents.txt,273,0,7,DEVICE
documents.txt,274,0,10,DEVICE
documents.txt,275,0,8,DEVICE
documents.txt,276,18,27,DEVICE
documents.txt,277,7,14,DEVICE
documents.txt,278,3,13,DEVICE
documents.txt,279,0,8,DEVICE
documents.txt,280,25,32,DEVICE
documents.txt,281,0,9,DEVICE
documents.txt,282,0,8,DEVICE
documents.txt,283,17,26,DEVICE
documents.txt,284,7,14,DEVICE
documents.txt,285,0,7,DEVICE
documents.txt,286,0,8,DEVICE
documents.txt,287,28,35,DEVICE
documents.txt,288,25,32,DEVICE
documents.txt,289,0,10,DEVICE
documents.txt,290,4,11,DEVICE
documents.txt,291,16,26,DEVICE
documents.txt,292,21,28,DEVICE
documents.txt,293,8,17,DEVICE
documents.txt,294,0,7,DEVICE
documents.txt,295,0,9,DEVICE
documents.txt,296,0,8,DEVICE
documents.txt,297,61,70,DEVICE
documents.txt,298,28,35,DEVICE
documents.txt,299,29,36,DEVICE
documents.txt,300,14,21,DEVICE
documents.txt,301,15,22,DEVICE
documents.txt,302,0,8,DEVICE
documents.txt,303,23,33,DEVICE
documents.txt,304,28,35,DEVICE
documents.txt,305,25,33,DEVICE
documents.txt,306,10,20,DEVICE
documents.txt,307,0,10,DEVICE
documents.txt,308,8,16,DEVICE
documents.txt,309,0,9,DEVICE
documents.txt,310,0,7,DEVICE
documents.txt,311,0,9,DEVICE
documents.txt,312,20,27,DEVICE
documents.txt,313,0,10,DEVICE
documents.txt,314,22,29,DEVICE
documents.txt,315,0,9,DEVICE
documents.txt,316,37,44,DEVICE
documents.txt,317,3,13,DEVICE
documents.txt,318,25,33,DEVICE
documents.txt,319,0,7,DEVICE
documents.txt,320,23,30,DEVICE
documents.txt,321,3,13,DEVICE
documents.txt,322,0,7,DEVICE
documents.txt,323,9,18,DEVICE
documents.txt,324,21,31,DEVICE
documents.txt,325,13,22,DEVICE
documents.txt,326,13,22,DEVICE
documents.txt,327,14,21,DEVICE
documents.txt,328,4,13,DEVICE
documents.txt,329,21,30,DEVICE
documents.txt,330,0,7,DEVICE
documents.txt,331,8,17,DEVICE
documents.txt,332,44,51,DEVICE
documents.txt,333,19,27,DEVICE
documents.txt,334,0,9,DEVICE
documents.txt,335,0,7,DEVICE
documents.txt,336,0,7,DEVICE
documents.txt,337,15,22,DEVICE
documents.txt,338,4,13,DEVICE
documents.txt,339,25,35,DEVICE
documents.txt,340,0,9,DEVICE
documents.txt,341,9,19,DEVICE
documents.txt,342,14,22,DEVICE
documents.txt,343,31,38,DEVICE
documents.txt,344,36,44,DEVICE
documents.txt,345,0,9,DEVICE
documents.txt,346,0,7,DEVICE
documents.txt,347,0,9,DEVICE
documents.txt,348,22,31,DEVICE
documents.txt,349,8,15,DEVICE
documents.txt,350,0,8,DEVICE
documents.txt,351,14,21,DEVICE
documents.txt,352,42,49,DEVICE
documents.txt,353,0,7,DEVICE
documents.txt,354,19,27,DEVICE
documents.txt,355,0,9,DEVICE
documents.txt,356,0,8,DEVICE
documents.txt,357,0,10,DEVICE
documents.txt,358,0,8,DEVICE
documents.txt,359,0,7,DEVICE
documents.txt,360,0,10,DEVICE
documents.txt,361,32,40,DEVICE
documents.txt,362,22,30,DEVICE
documents.txt,363,27,34,DEVICE
documents.txt,364,0,9,DEVICE
documents.txt,365,0,9,DEVICE
documents.txt,366,0,8,DEVICE
documents.txt,367,0,10,DEVICE
documents.txt,368,122,129,DEVICE
documents.txt,369,0,8,DEVICE
documents.txt,371,8,15,DEVICE
documents.txt,372,4,12,DEVICE
documents.txt,373,3,13,DEVICE
documents.txt,374,0,8,DEVICE
documents.txt,375,3,13,DEVICE
documents.txt,376,0,8,DEVICE
documents.txt,377,0,9,DEVICE
documents.txt,378,20,27,DEVICE
documents.txt,379,27,36,DEVICE
documents.txt,380,20,27,DEVICE
documents.txt,381,0,10,DEVICE
documents.txt,382,0,7,DEVICE
documents.txt,383,5,14,DEVICE
documents.txt,384,3,13,DEVICE
documents.txt,385,3,13,DEVICE
documents.txt,386,0,10,DEVICE
documents.txt,387,0,7,DEVICE
documents.txt,388,7,15,DEVICE
documents.txt,389,0,9,DEVICE
documents.txt,390,22,29,DEVICE
documents.txt,391,4,12,DEVICE
documents.txt,392,22,30,DEVICE
documents.txt,393,0,10,DEVICE
documents.txt,394,0,7,DEVICE
documents.txt,395,30,40,DEVICE
documents.txt,396,25,34,DEVICE
documents.txt,397,0,9,DEVICE
documents.txt,398,0,7,DEVICE
documents.txt,399,19,28,DEVICE
documents.txt,400,0,9,DEVICE
documents.txt,401,4,13,DEVICE
documents.txt,402,0,9,DEVICE
documents.txt,403,10,17,DEVICE
documents.txt,404,29,38,DEVICE
documents.txt,405,0,9,DEVICE
documents.txt,406,4,11,DEVICE
documents.txt,407,3,13,DEVICE
documents.txt,408,3,10,DEVICE
documents.txt,409,37,45,DEVICE
documents.txt,410,0,8,DEVICE
documents.txt,411,49,56,DEVICE
documents.txt,412,0,9,DEVICE
documents.txt,413,18,27,DEVICE
documents.txt,414,0,9,DEVICE
documents.txt,415,3,13,DEVICE
documents.txt,416,18,25,DEVICE
documents.txt,417,0,7,DEVICE
documents.txt,418,23,30,DEVICE
documents.txt,419,0,7,DEVICE
documents.txt,420,14,23,DEVICE
documents.txt,421,10,17,DEVICE
documents.txt,422,35,44,DEVICE
documents.txt,423,23,30,DEVICE
documents.txt,424,4,13,DEVICE
documents.txt,425,13,21,DEVICE
documents.txt,426,0,7,DEVICE
documents.txt,427,0,7,DEVICE
documents.txt,428,11,18,DEVICE
documents.txt,429,42,50,DEVICE
documents.txt,430,21,28,DEVICE
documents.txt,431,22,29,DEVICE
documents.txt,432,25,34,DEVICE
documents.txt,433,4,11,DEVICE
documents.txt,434,25,34,DEVICE
documents.txt,435,17,24,DEVICE
documents.txt,436,45,55,DEVICE
documents.txt,437,0,8,DEVICE
documents.txt,438,9,17,DEVICE
documents.txt,439,42,49,DEVICE
documents.txt,440,7,17,DEVICE
documents.txt,441,22,29,DEVICE
documents.txt,442,22,29,DEVICE
documents.txt,443,0,9,DEVICE
documents.txt,444,18,22,DEVICE
documents.txt,445,0,6,DEVICE
documents.txt,446,15,22,DEVICE
documents.txt,447,7,17,DEVICE
documents.txt,448,3,13,DEVICE
documents.txt,449,4,13,DEVICE
documents.txt,450,0,9,DEVICE
documents.txt,451,16,23,DEVICE
documents.txt,452,0,8,DEVICE
documents.txt,453,25,33,DEVICE
documents.txt,454,0,7,DEVICE
documents.txt,455,9,18,DEVICE
documents.txt,456,47,56,DEVICE
documents.txt,457,0,8,DEVICE
documents.txt,458,3,13,DEVICE
documents.txt,459,0,9,DEVICE
documents.txt,460,11,18,DEVICE
documents.txt,461,0,9,DEVICE
documents.txt,462,0,9,DEVICE
documents.txt,463,0,9,DEVICE
documents.txt,464,17,24,DEVICE
documents.txt,465,9,16,DEVICE
documents.txt,466,3,10,DEVICE
documents.txt,467,19,26,DEVICE
documents.txt,468,0,9,DEVICE
documents.txt,469,15,21,DEVICE
documents.txt,470,8,18,DEVICE
documents.txt,471,0,8,DEVICE
documents.txt,472,19,28,DEVICE
documents.txt,473,16,23,DEVICE
documents.txt,474,11,20,DEVICE
documents.txt,475,20,27,DEVICE
documents.txt,476,17,24,DEVICE
documents.txt,477,26,33,DEVICE
documents.txt,478,0,8,DEVICE
documents.txt,479,0,7,DEVICE
documents.txt,480,0,8,DEVICE
documents.txt,481,14,22,DEVICE
documents.txt,482,0,7,DEVICE
documents.txt,483,4,11,DEVICE
documents.txt,484,16,23,DEVICE
documents.txt,485,21,28,DEVICE
documents.txt,486,0,10,DEVICE
documents.txt,487,0,8,DEVICE
documents.txt,488,0,7,DEVICE
documents.txt,489,4,11,DEVICE
documents.txt,490,23,31,DEVICE
documents.txt,491,15,23,DEVICE
documents.txt,492,6,12,DEVICE
documents.txt,493,24,31,DEVICE
documents.txt,494,19,26,DEVICE
documents.txt,495,0,8,DEVICE
documents.txt,496,0,7,DEVICE
documents.txt,497,117,123,DEVICE
documents.txt,498,22,29,DEVICE
documents.txt,499,0,7,DEVICE
documents.txt,500,20,27,DEVICE
documents.txt,501,3,13,DEVICE
documents.txt,502,12,16,DEVICE
documents.txt,503,37,44,DEVICE
documents.txt,504,0,10,DEVICE
documents.txt,505,0,7,DEVICE
documents.txt,506,8,15,DEVICE
documents.txt,507,12,22,DEVICE
documents.txt,508,0,7,DEVICE
documents.txt,509,0,7,DEVICE
documents.txt,510,16,24,DEVICE
documents.txt,511,0,9,DEVICE
documents.txt,512,0,9,DEVICE
documents.txt,513,0,7,DEVICE
documents.txt,514,0,7,DEVICE
documents.txt,515,5,14,DEVICE
documents.txt,516,10,17,DEVICE
documents.txt,517,3,10,DEVICE
documents.txt,518,19,28,DEVICE
documents.txt,519,0,7,DEVICE
documents.txt,520,26,34,DEVICE
documents.txt,521,10,17,DEVICE
documents.txt,522,0,7,DEVICE
documents.txt,523,30,38,DEVICE
documents.txt,524,9,19,DEVICE
documents.txt,525,0,7,DEVICE
documents.txt,526,0,8,DEVICE
documents.txt,527,24,33,DEVICE
documents.txt,528,0,10,DEVICE
documents.txt,529,0,10,DEVICE
documents.txt,530,3,13,DEVICE
documents.txt,531,0,9,DEVICE
documents.txt,532,16,23,DEVICE
documents.txt,533,5,15,DEVICE
documents.txt,534,16,23,DEVICE
documents.txt,535,8,19,DEVICE
documents.txt,536,39,46,DEVICE
documents.txt,537,11,20,DEVICE
documents.txt,538,23,31,DEVICE
documents.txt,539,0,8,DEVICE
documents.txt,540,0,7,DEVICE
documents.txt,541,11,19,DEVICE
documents.txt,542,50,58,DEVICE
documents.txt,543,18,25,DEVICE
documents.txt,544,0,8,DEVICE
documents.txt,545,19,26,DEVICE
documents.txt,546,58,67,DEVICE
documents.txt,547,3,13,DEVICE
documents.txt,548,0,9,DEVICE
documents.txt,549,0,10,DEVICE
documents.txt,550,0,9,DEVICE
documents.txt,551,0,9,DEVICE
documents.txt,552,34,43,DEVICE
documents.txt,553,17,26,DEVICE
documents.txt,554,0,9,DEVICE
documents.txt,555,2,9,DEVICE
documents.txt,556,0,7,DEVICE
documents.txt,557,0,8,DEVICE
documents.txt,558,3,9,DEVICE
documents.txt,559,17,24,DEVICE
documents.txt,560,0,7,DEVICE
documents.txt,561,3,10,DEVICE
documents.txt,562,11,18,DEVICE
documents.txt,563,22,31,DEVICE
documents.txt,564,0,8,DEVICE
documents.txt,565,3,13,DEVICE
documents.txt,567,0,7,DEVICE
documents.txt,568,10,17,DEVICE
documents.txt,569,8,18,DEVICE
documents.txt,570,7,14,DEVICE
documents.txt,571,0,9,DEVICE
documents.txt,572,0,9,DEVICE
documents.txt,573,11,18,DEVICE
documents.txt,574,28,37,DEVICE
documents.txt,575,0,7,DEVICE
documents.txt,576,18,28,DEVICE
documents.txt,577,13,22,DEVICE
documents.txt,578,0,7,DEVICE
documents.txt,579,25,32,DEVICE
documents.txt,580,22,31,DEVICE
documents.txt,581,0,7,DEVICE
documents.txt,582,4,13,DEVICE
documents.txt,583,0,8,DEVICE
documents.txt,584,0,9,DEVICE
documents.txt,585,4,14,DEVICE
documents.txt,586,0,7,DEVICE
documents.txt,587,0,9,DEVICE
documents.txt,588,5,11,DEVICE
documents.txt,589,19,27,DEVICE
documents.txt,590,16,23,DEVICE
documents.txt,591,0,9,DEVICE
documents.txt,592,0,8,DEVICE
documents.txt,593,0,9,DEVICE
documents.txt,594,3,13,DEVICE
documents.txt,595,0,9,DEVICE
documents.txt,596,21,29,DEVICE
documents.txt,597,9,16,DEVICE
documents.txt,598,22,31,DEVICE
documents.txt,599,26,35,DEVICE
documents.txt,600,23,33,DEVICE
documents.txt,601,9,13,DEVICE
documents.txt,602,0,7,DEVICE
documents.txt,603,0,9,DEVICE
documents.txt,604,0,7,DEVICE
documents.txt,605,0,12,DEVICE
documents.txt,606,0,9,DEVICE
documents.txt,607,0,10,DEVICE
documents.txt,608,0,8,DEVICE
documents.txt,609,0,9,DEVICE
documents.txt,610,0,9,DEVICE
documents.txt,611,0,7,DEVICE
documents.txt,612,0,7,DEVICE
documents.txt,614,0,9,DEVICE
documents.txt,615,12,21,DEVICE
documents.txt,616,16,26,DEVICE
documents.txt,617,38,46,DEVICE
documents.txt,618,19,26,DEVICE
documents.txt,619,13,21,DEVICE
documents.txt,620,31,38,DEVICE
documents.txt,621,26,34,DEVICE
documents.txt,622,9,17,DEVICE
documents.txt,623,3,13,DEVICE
documents.txt,624,0,9,DEVICE
documents.txt,625,12,19,DEVICE
documents.txt,626,4,13,DEVICE
documents.txt,627,4,12,DEVICE
documents.txt,628,22,29,DEVICE
documents.txt,629,13,18,DEVICE
documents.txt,630,23,30,DEVICE
documents.txt,631,0,10,DEVICE
documents.txt,632,21,29,DEVICE
documents.txt,633,7,14,DEVICE
documents.txt,634,18,26,DEVICE
documents.txt,635,8,18,DEVICE
documents.txt,636,9,13,DEVICE
documents.txt,637,0,9,DEVICE
documents.txt,638,0,9,DEVICE
documents.txt,639,0,7,DEVICE
documents.txt,640,3,7,DEVICE
documents.txt,641,0,9,DEVICE
documents.txt,642,7,14,DEVICE
documents.txt,643,11,18,DEVICE
documents.txt,644,83,93,DEVICE
documents.txt,645,11,18,DEVICE
documents.txt,646,0,8,DEVICE
documents.txt,647,16,25,DEVICE
documents.txt,648,0,7,DEVICE
documents.txt,649,0,8,DEVICE
documents.txt,650,3,10,DEVICE
documents.txt,651,0,9,DEVICE
documents.txt,652,23,30,DEVICE
documents.txt,653,0,7,DEVICE
documents.txt,654,0,9,DEVICE
documents.txt,656,4,12,DEVICE
documents.txt,657,22,30,DEVICE
documents.txt,658,0,10,DEVICE
documents.txt,659,0,9,DEVICE
documents.txt,660,0,7,DEVICE
documents.txt,661,22,29,DEVICE
documents.txt,662,0,8,DEVICE
documents.txt,663,0,13,DEVICE
documents.txt,664,33,42,DEVICE
documents.txt,665,17,24,DEVICE
documents.txt,666,4,12,DEVICE
documents.txt,667,13,22,DEVICE
documents.txt,668,46,55,DEVICE
documents.txt,669,0,7,DEVICE
documents.txt,670,0,8,DEVICE
documents.txt,671,0,9,DEVICE
documents.txt,672,0,13,DEVICE
documents.txt,673,28,35,DEVICE
documents.txt,674,0,9,DEVICE
documents.txt,675,0,7,DEVICE
documents.txt,676,19,26,DEVICE
documents.txt,677,0,8,DEVICE
documents.txt,678,0,9,DEVICE
documents.txt,679,27,35,DEVICE
documents.txt,680,0,9,DEVICE
documents.txt,681,5,14,DEVICE
documents.txt,682,35,42,DEVICE
documents.txt,683,0,10,DEVICE
documents.txt,684,0,10,DEVICE
documents.txt,685,0,7,DEVICE
documents.txt,686,22,31,DEVICE
documents.txt,687,0,7,DEVICE
documents.txt,688,3,13,DEVICE
documents.txt,689,0,7,DEVICE
documents.txt,690,28,35,DEVICE
documents.txt,691,0,9,DEVICE
documents.txt,692,5,13,DEVICE
documents.txt,693,21,28,DEVICE
documents.txt,694,20,29,DEVICE
documents.txt,695,30,38,DEVICE
documents.txt,696,3,13,DEVICE
documents.txt,697,19,26,DEVICE
documents.txt,698,11,21,DEVICE
documents.txt,699,20,28,DEVICE
documents.txt,700,44,51,DEVICE
documents.txt,701,25,32,DEVICE
documents.txt,702,17,24,DEVICE
documents.txt,703,0,7,DEVICE
documents.txt,704,0,8,DEVICE
documents.txt,705,4,11,DEVICE
documents.txt,706,30,38,DEVICE
documents.txt,707,26,35,DEVICE
documents.txt,708,0,7,DEVICE
documents.txt,709,25,32,DEVICE
documents.txt,710,3,13,DEVICE
documents.txt,711,0,10,DEVICE
documents.txt,712,0,9,DEVICE
documents.txt,713,3,10,DEVICE
documents.txt,714,5,12,DEVICE
documents.txt,715,0,7,DEVICE
documents.txt,716,0,7,DEVICE
documents.txt,717,13,20,DEVICE
documents.txt,718,27,35,DEVICE
documents.txt,719,21,29,DEVICE
documents.txt,721,0,7,DEVICE
documents.txt,722,0,7,DEVICE
documents.txt,723,0,9,DEVICE
documents.txt,724,3,13,DEVICE
documents.txt,725,22,31,DEVICE
documents.txt,726,25,34,DEVICE
documents.txt,727,0,7,DEVICE
documents.txt,728,0,10,DEVICE
documents.txt,729,0,8,DEVICE
documents.txt,730,0,9,DEVICE
documents.txt,731,0,7,DEVICE
documents.txt,732,0,7,DEVICE
documents.txt,733,0,8,DEVICE
documents.txt,734,29,37,DEVICE
documents.txt,735,19,26,DEVICE
documents.txt,736,5,15,DEVICE
documents.txt,737,0,7,DEVICE
documents.txt,738,13,20,DEVICE
documents.txt,739,30,38,DEVICE
documents.txt,740,0,7,DEVICE
documents.txt,741,0,9,DEVICE
documents.txt,742,19,26,DEVICE
documents.txt,743,4,13,DEVICE
documents.txt,744,25,34,DEVICE
documents.txt,745,2,11,DEVICE
documents.txt,746,23,30,DEVICE
documents.txt,747,25,32,DEVICE
documents.txt,748,0,9,DEVICE
documents.txt,749,0,7,DEVICE
documents.txt,750,12,19,DEVICE
documents.txt,751,34,43,DEVICE
documents.txt,752,24,32,DEVICE
documents.txt,753,0,7,DEVICE
documents.txt,754,0,8,DEVICE
documents.txt,755,0,7,DEVICE
documents.txt,756,6,16,DEVICE
documents.txt,757,0,10,DEVICE
documents.txt,758,0,7,DEVICE
documents.txt,759,4,12,DEVICE
documents.txt,760,0,9,DEVICE
documents.txt,761,31,40,DEVICE
documents.txt,762,0,7,DEVICE
documents.txt,763,0,7,DEVICE
documents.txt,764,0,7,DEVICE
documents.txt,765,3,13,DEVICE
documents.txt,766,0,8,DEVICE
documents.txt,767,0,10,DEVICE
documents.txt,768,34,41,DEVICE
documents.txt,769,25,32,DEVICE
documents.txt,770,25,33,DEVICE
documents.txt,771,44,51,DEVICE
documents.txt,772,0,7,DEVICE
documents.txt,773,0,12,DEVICE
documents.txt,774,13,20,DEVICE
documents.txt,775,17,24,DEVICE
documents.txt,776,0,7,DEVICE
documents.txt,777,0,8,DEVICE
documents.txt,778,3,13,DEVICE
documents.txt,780,0,7,DEVICE
documents.txt,781,0,9,DEVICE
documents.txt,782,19,28,DEVICE
documents.txt,783,20,29,DEVICE
documents.txt,784,40,50,DEVICE
documents.txt,785,5,12,DEVICE
documents.txt,786,0,7,DEVICE
documents.txt,787,3,10,DEVICE
documents.txt,788,10,19,DEVICE
documents.txt,789,0,8,DEVICE
documents.txt,790,14,23,DEVICE
documents.txt,791,0,7,DEVICE
documents.txt,792,5,14,DEVICE
documents.txt,793,0,8,DEVICE
documents.txt,794,0,7,DEVICE
documents.txt,795,0,9,DEVICE
documents.txt,796,0,9,DEVICE
documents.txt,797,0,6,DEVICE
documents.txt,798,3,13,DEVICE
documents.txt,799,3,13,DEVICE
documents.txt,800,0,9,DEVICE
documents.txt,801,31,40,DEVICE
documents.txt,802,0,7,DEVICE
documents.txt,803,0,7,DEVICE
documents.txt,804,0,9,DEVICE
documents.txt,805,19,28,DEVICE
documents.txt,806,24,33,DEVICE
documents.txt,807,0,7,DEVICE
documents.txt,808,0,7,DEVICE
documents.txt,809,4,13,DEVICE
documents.txt,810,55,64,DEVICE
documents.txt,811,0,7,DEVICE
documents.txt,812,0,6,DEVICE
documents.txt,813,30,39,DEVICE
documents.txt,814,18,27,DEVICE
documents.txt,815,9,18,DEVICE
documents.txt,816,0,7,DEVICE
documents.txt,817,0,9,DEVICE
documents.txt,818,0,7,DEVICE
documents.txt,820,0,13,DEVICE
documents.txt,821,22,31,DEVICE
documents.txt,822,0,8,DEVICE
documents.txt,823,12,21,DEVICE
documents.txt,824,0,7,DEVICE
documents.txt,825,46,55,DEVICE
documents.txt,826,0,10,DEVICE
documents.txt,827,0,7,DEVICE
documents.txt,828,4,14,DEVICE
documents.txt,829,0,9,DEVICE
documents.txt,830,0,9,DEVICE
documents.txt,831,0,8,DEVICE
documents.txt,832,0,8,DEVICE
documents.txt,833,0,9,DEVICE
documents.txt,834,16,25,DEVICE
documents.txt,835,0,8,DEVICE
documents.txt,836,4,13,DEVICE
documents.txt,837,0,9,DEVICE
documents.txt,838,0,6,DEVICE
documents.txt,839,14,23,DEVICE
documents.txt,840,0,8,DEVICE
documents.txt,841,25,32,DEVICE
documents.txt,842,26,33,DEVICE
documents.txt,843,17,24,DEVICE
documents.txt,844,26,33,DEVICE
documents.txt,845,26,33,DEVICE
documents.txt,846,21,28,DEVICE
documents.txt,847,57,66,DEVICE
documents.txt,848,21,28,DEVICE
documents.txt,849,0,9,DEVICE
documents.txt,850,7,13,DEVICE
documents.txt,851,18,27,DEVICE
documents.txt,852,21,28,DEVICE
documents.txt,853,9,18,DEVICE
documents.txt,854,0,9,DEVICE
documents.txt,855,23,30,DEVICE
documents.txt,856,18,27,DEVICE
documents.txt,857,0,9,DEVICE
documents.txt,858,10,19,DEVICE
documents.txt,859,21,28,DEVICE
documents.txt,860,0,9,DEVICE
documents.txt,861,0,7,DEVICE
documents.txt,862,24,32,DEVICE
documents.txt,863,5,12,DEVICE
documents.txt,864,6,13,DEVICE
documents.txt,865,21,30,DEVICE
documents.txt,866,25,32,DEVICE
documents.txt,867,6,15,DEVICE
documents.txt,868,59,66,DEVICE
documents.txt,869,0,7,DEVICE
documents.txt,870,0,9,DEVICE
documents.txt,871,38,47,DEVICE
documents.txt,872,37,44,DEVICE
documents.txt,873,0,9,DEVICE
documents.txt,874,11,18,DEVICE
documents.txt,875,8,17,DEVICE
documents.txt,876,21,28,DEVICE
documents.txt,877,12,21,DEVICE
documents.txt,878,0,7,DEVICE
documents.txt,879,40,47,DEVICE
documents.txt,880,25,33,DEVICE
documents.txt,881,4,11,DEVICE
documents.txt,882,10,17,DEVICE
documents.txt,883,0,7,DEVICE
documents.txt,884,19,26,DEVICE
documents.txt,885,10,19,DEVICE
documents.txt,886,0,7,DEVICE
documents.txt,887,5,12,DEVICE
documents.txt,888,26,34,DEVICE
documents.txt,889,3,13,DEVICE
documents.txt,890,22,30,DEVICE
documents.txt,891,0,8,DEVICE
documents.txt,892,29,36,DEVICE
documents.txt,893,23,32,DEVICE
documents.txt,894,31,38,DEVICE
documents.txt,895,0,7,DEVICE
documents.txt,896,0,8,DEVICE
documents.txt,897,18,27,DEVICE
documents.txt,898,0,9,DEVICE
documents.txt,899,14,23,DEVICE
documents.txt,900,0,6,DEVICE
documents.txt,901,0,8,DEVICE
documents.txt,902,18,25,DEVICE
documents.txt,903,20,29,DEVICE
documents.txt,904,0,9,DEVICE
documents.txt,905,30,38,DEVICE
documents.txt,906,28,36,DEVICE
documents.txt,907,23,30,DEVICE
documents.txt,908,19,26,DEVICE
documents.txt,909,0,7,DEVICE
documents.txt,910,35,43,DEVICE
documents.txt,911,35,42,DEVICE
documents.txt,912,4,12,DEVICE
documents.txt,913,19,26,DEVICE
documents.txt,914,0,9,DEVICE
documents.txt,915,0,7,DEVICE
documents.txt,916,29,38,DEVICE
documents.txt,917,0,9,DEVICE
documents.txt,918,0,6,DEVICE
documents.txt,919,0,9,DEVICE
documents.txt,920,20,27,DEVICE
documents.txt,921,4,13,DEVICE
documents.txt,923,3,13,DEVICE
documents.txt,924,25,33,DEVICE
documents.txt,925,13,21,DEVICE
documents.txt,926,0,9,DEVICE
documents.txt,927,0,9,DEVICE
documents.txt,928,0,9,DEVICE
documents.txt,929,0,7,DEVICE
documents.txt,930,0,8,DEVICE
documents.txt,931,0,7,DEVICE
documents.txt,932,0,8,DEVICE
documents.txt,933,0,7,DEVICE
documents.txt,934,0,7,DEVICE
documents.txt,935,15,22,DEVICE
documents.txt,936,17,24,DEVICE
documents.txt,937,23,32,DEVICE
documents.txt,938,0,7,DEVICE
documents.txt,939,0,9,DEVICE
documents.txt,940,24,33,DEVICE
documents.txt,941,0,9,DEVICE
documents.txt,942,0,9,DEVICE
documents.txt,943,0,7,DEVICE
documents.txt,944,8,19,DEVICE
documents.txt,945,34,43,DEVICE
documents.txt,946,30,37,DEVICE
documents.txt,947,5,13,DEVICE
documents.txt,948,3,13,DEVICE
documents.txt,949,3,13,DEVICE
documents.txt,950,27,35,DEVICE
documents.txt,951,19,26,DEVICE
documents.txt,952,0,7,DEVICE
documents.txt,953,0,8,DEVICE
documents.txt,954,0,7,DEVICE
documents.txt,955,0,9,DEVICE
documents.txt,956,4,11,DEVICE
documents.txt,957,7,14,DEVICE
documents.txt,958,9,16,DEVICE
documents.txt,959,0,7,DEVICE
documents.txt,960,19,26,DEVICE
documents.txt,961,0,9,DEVICE
documents.txt,962,0,9,DEVICE
documents.txt,963,0,9,DEVICE
documents.txt,964,0,10,DEVICE
documents.txt,965,0,7,DEVICE
documents.txt,966,1,8,DEVICE
documents.txt,967,8,17,DEVICE
documents.txt,968,0,8,DEVICE
documents.txt,969,4,11,DEVICE
documents.txt,970,7,14,DEVICE
documents.txt,971,0,7,DEVICE
documents.txt,972,4,17,DEVICE
documents.txt,973,0,10,DEVICE
documents.txt,974,24,28,DEVICE
documents.txt,975,11,18,DEVICE
documents.txt,976,0,7,DEVICE
documents.txt,977,0,9,DEVICE
documents.txt,978,0,8,DEVICE
documents.txt,979,10,17,DEVICE
documents.txt,980,22,30,DEVICE
documents.txt,981,0,7,DEVICE
documents.txt,982,11,18,DEVICE
documents.txt,983,46,54,DEVICE
documents.txt,984,0,9,DEVICE
documents.txt,985,31,40,DEVICE
documents.txt,986,0,10,DEVICE
documents.txt,987,0,9,DEVICE
documents.txt,988,34,44,DEVICE
documents.txt,989,0,13,DEVICE
documents.txt,990,15,22,DEVICE
documents.txt,991,4,11,DEVICE
documents.txt,992,4,13,DEVICE
documents.txt,993,3,13,DEVICE
documents.txt,994,3,13,DEVICE
documents.txt,995,10,19,DEVICE
documents.txt,996,7,14,DEVICE
documents.txt,997,0,7,DEVICE
documents.txt,998,21,30,DEVICE
documents.txt,999,0,9,DEVICE
documents.txt,1000,29,36,DEVICE
documents.txt,1001,0,9,DEVICE
documents.txt,1002,0,8,DEVICE
documents.txt,1003,0,7,DEVICE
documents.txt,1004,27,31,DEVICE
documents.txt,1005,16,23,DEVICE
documents.txt,1006,0,7,DEVICE
documents.txt,1007,15,24,DEVICE
documents.txt,1008,0,9,DEVICE
documents.txt,1009,34,42,DEVICE
documents.txt,1010,4,11,DEVICE
documents.txt,1011,30,37,DEVICE
documents.txt,1013,0,6,DEVICE
documents.txt,1014,0,9,DEVICE
documents.txt,1015,4,11,DEVICE
documents.txt,1016,16,23,DEVICE
documents.txt,1017,23,40,DEVICE
documents.txt,1018,16,23,DEVICE
documents.txt,1019,0,7,DEVICE
documents.txt,1020,0,12,DEVICE
documents.txt,1021,5,14,DEVICE
documents.txt,1022,16,23,DEVICE
documents.txt,1023,0,9,DEVICE
documents.txt,1024,0,9,DEVICE
documents.txt,1025,0,7,DEVICE
documents.txt,1026,0,9,DEVICE
documents.txt,1027,3,10,DEVICE
documents.txt,1028,0,9,DEVICE
documents.txt,1029,19,26,DEVICE
documents.txt,1030,0,8,DEVICE
documents.txt,1031,0,9,DEVICE
documents.txt,1032,27,35,DEVICE
documents.txt,1033,16,25,DEVICE
documents.txt,1034,42,51,DEVICE
documents.txt,1035,25,32,DEVICE
documents.txt,1036,0,9,DEVICE
documents.txt,1037,34,41,DEVICE
documents.txt,1038,26,33,DEVICE
documents.txt,1039,35,42,DEVICE
documents.txt,1040,0,7,DEVICE
documents.txt,1041,32,39,DEVICE
documents.txt,1042,0,9,DEVICE
documents.txt,1043,0,9,DEVICE
documents.txt,1044,8,15,DEVICE
documents.txt,1045,12,21,DEVICE
documents.txt,1046,13,22,DEVICE
documents.txt,1047,0,7,DEVICE
documents.txt,1048,5,14,DEVICE
documents.txt,1049,25,34,DEVICE
documents.txt,1050,3,10,DEVICE
documents.txt,1051,11,18,DEVICE
documents.txt,1052,0,9,DEVICE
documents.txt,1053,18,27,DEVICE
documents.txt,1054,0,8,DEVICE
documents.txt,1055,0,9,DEVICE
documents.txt,1056,0,7,DEVICE
documents.txt,1057,0,7,DEVICE
documents.txt,1058,0,8,DEVICE
documents.txt,1059,0,8,DEVICE
documents.txt,1060,0,7,DEVICE
documents.txt,1061,24,33,DEVICE
documents.txt,1062,15,23,DEVICE
documents.txt,1063,5,14,DEVICE
documents.txt,1064,0,7,DEVICE
documents.txt,1065,0,10,DEVICE
documents.txt,1066,0,9,DEVICE
documents.txt,1067,41,50,DEVICE
documents.txt,1068,6,13,DEVICE
documents.txt,1069,0,9,DEVICE
documents.txt,1070,6,13,DEVICE
documents.txt,1071,21,29,DEVICE
documents.txt,1072,0,9,DEVICE
documents.txt,1073,0,7,DEVICE
documents.txt,1074,0,7,DEVICE
documents.txt,1075,0,10,DEVICE
documents.txt,1076,30,38,DEVICE
documents.txt,1077,17,23,DEVICE
documents.txt,1078,0,4,DEVICE
documents.txt,1079,0,8,DEVICE
documents.txt,1080,0,7,DEVICE
documents.txt,1081,0,9,DEVICE
documents.txt,1082,0,7,DEVICE
documents.txt,1083,0,7,DEVICE
documents.txt,1084,12,19,DEVICE
documents.txt,1085,0,10,DEVICE
documents.txt,1086,0,7,DEVICE
documents.txt,1087,0,7,DEVICE
documents.txt,1088,8,14,DEVICE
documents.txt,1089,0,6,DEVICE
documents.txt,1090,0,7,DEVICE
documents.txt,1091,42,49,DEVICE
documents.txt,1092,0,7,DEVICE
documents.txt,1093,9,17,DEVICE
documents.txt,1094,16,26,DEVICE
documents.txt,1095,3,13,DEVICE
documents.txt,1096,0,9,DEVICE
documents.txt,1097,4,11,DEVICE
documents.txt,1098,0,7,DEVICE
documents.txt,1099,4,11,DEVICE
documents.txt,1100,10,18,DEVICE
documents.txt,1101,21,28,DEVICE
documents.txt,1102,0,7,DEVICE
documents.txt,1103,8,15,DEVICE
documents.txt,1104,20,29,DEVICE
documents.txt,1105,3,13,DEVICE
documents.txt,1106,5,12,DEVICE
documents.txt,1107,6,16,DEVICE
documents.txt,1108,3,10,DEVICE
documents.txt,1109,26,35,DEVICE
documents.txt,1110,10,17,DEVICE
documents.txt,1111,0,10,DEVICE
documents.txt,1112,25,34,DEVICE
documents.txt,1113,0,7,DEVICE
documents.txt,1114,0,10,DEVICE
documents.txt,1115,0,7,DEVICE
documents.txt,1116,0,8,DEVICE
documents.txt,1118,16,23,DEVICE
documents.txt,1119,0,7,DEVICE
documents.txt,1120,0,9,DEVICE
documents.txt,1121,57,64,DEVICE
documents.txt,1122,55,64,DEVICE
documents.txt,1123,14,22,DEVICE
documents.txt,1124,0,13,DEVICE
documents.txt,1125,5,12,DEVICE
documents.txt,1126,0,7,DEVICE
documents.txt,1127,0,7,DEVICE
documents.txt,1128,0,9,DEVICE
documents.txt,1129,29,38,DEVICE
documents.txt,1130,0,7,DEVICE
documents.txt,1131,43,50,DEVICE
documents.txt,1132,0,9,DEVICE
documents.txt,1133,0,7,DEVICE
documents.txt,1134,6,14,DEVICE
documents.txt,1135,0,7,DEVICE
documents.txt,1136,10,17,DEVICE
documents.txt,1137,4,11,DEVICE
documents.txt,1138,3,13,DEVICE
documents.txt,1139,0,9,DEVICE
documents.txt,1140,0,7,DEVICE
documents.txt,1142,55,63,DEVICE
documents.txt,1143,3,13,DEVICE
documents.txt,1144,0,11,DEVICE
documents.txt,1145,26,33,DEVICE
documents.txt,1146,0,7,DEVICE
documents.txt,1147,0,8,DEVICE
documents.txt,1148,0,9,DEVICE
documents.txt,1149,0,7,DEVICE
documents.txt,1150,0,9,DEVICE
documents.txt,1151,0,7,DEVICE
documents.txt,1152,7,15,DEVICE
documents.txt,1153,0,9,DEVICE
documents.txt,1154,0,9,DEVICE
documents.txt,1155,0,7,DEVICE
documents.txt,1156,19,26,DEVICE
documents.txt,1157,0,9,DEVICE
documents.txt,1158,0,9,DEVICE
documents.txt,1159,3,13,DEVICE
documents.txt,1160,0,7,DEVICE
documents.txt,1161,19,28,DEVICE
documents.txt,1162,0,8,DEVICE
documents.txt,1163,0,7,DEVICE
documents.txt,1165,0,9,DEVICE
documents.txt,1166,8,14,DEVICE
documents.txt,1167,0,9,DEVICE
documents.txt,1168,0,6,DEVICE
documents.txt,1169,21,28,DEVICE
documents.txt,1170,21,29,DEVICE
documents.txt,1171,8,17,DEVICE
documents.txt,1172,0,8,DEVICE
documents.txt,1174,13,21,DEVICE
documents.txt,1175,0,10,DEVICE
documents.txt,1176,10,17,DEVICE
documents.txt,1177,28,35,DEVICE
documents.txt,1178,18,26,DEVICE
documents.txt,1179,0,9,DEVICE
documents.txt,1180,0,9,DEVICE
documents.txt,1181,18,27,DEVICE
documents.txt,1182,4,11,DEVICE
documents.txt,1183,28,36,DEVICE
documents.txt,1184,0,8,DEVICE
documents.txt,1185,12,22,DEVICE
documents.txt,1186,39,46,DEVICE
documents.txt,1187,4,11,DEVICE
documents.txt,1188,0,7,DEVICE
documents.txt,1189,18,25,DEVICE
documents.txt,1190,39,48,DEVICE
documents.txt,1191,9,19,DEVICE
documents.txt,1192,0,10,DEVICE
documents.txt,1193,0,8,DEVICE
documents.txt,1194,0,7,DEVICE
documents.txt,1195,39,49,DEVICE
documents.txt,1196,24,31,DEVICE
documents.txt,1197,31,39,DEVICE
documents.txt,1198,0,9,DEVICE
documents.txt,1199,0,13,DEVICE
documents.txt,1200,0,8,DEVICE
documents.txt,1201,0,10,DEVICE
documents.txt,1202,0,7,DEVICE
documents.txt,1203,25,33,DEVICE
documents.txt,1204,10,19,DEVICE
documents.txt,1205,21,28,DEVICE
documents.txt,1206,4,13,DEVICE
documents.txt,1207,24,34,DEVICE
documents.txt,1208,0,8,DEVICE
documents.txt,1209,18,25,DEVICE
documents.txt,1210,3,10,DEVICE
documents.txt,1211,13,22,DEVICE
documents.txt,1212,0,7,DEVICE
documents.txt,1213,8,15,DEVICE
documents.txt,1214,24,31,DEVICE
documents.txt,1215,0,7,DEVICE
documents.txt,1216,0,8,DEVICE
documents.txt,1217,23,31,DEVICE
documents.txt,1218,0,9,DEVICE
documents.txt,1219,0,7,DEVICE
documents.txt,1220,7,17,DEVICE
documents.txt,1221,18,26,DEVICE
documents.txt,1222,0,7,DEVICE
documents.txt,1223,0,9,DEVICE
documents.txt,1224,4,9,DEVICE
documents.txt,1225,11,17,DEVICE
documents.txt,1226,0,9,DEVICE
documents.txt,1227,4,11,DEVICE
documents.txt,1228,0,9,DEVICE
documents.txt,1229,0,13,DEVICE
documents.txt,1230,4,11,DEVICE
documents.txt,1231,3,11,DEVICE
documents.txt,1232,42,50,DEVICE
documents.txt,1233,43,51,DEVICE
documents.txt,1234,41,48,DEVICE
documents.txt,1235,3,10,DEVICE
documents.txt,1236,0,8,DEVICE
documents.txt,1237,0,8,DEVICE
documents.txt,1238,0,9,DEVICE
documents.txt,1239,25,33,DEVICE
documents.txt,1240,0,10,DEVICE
documents.txt,1241,0,7,DEVICE
documents.txt,1242,3,13,DEVICE
documents.txt,1243,0,9,DEVICE
documents.txt,1244,0,9,DEVICE
documents.txt,1245,0,10,DEVICE
documents.txt,1246,55,62,DEVICE
documents.txt,1247,14,23,DEVICE
documents.txt,1248,26,33,DEVICE
documents.txt,1249,0,9,DEVICE
documents.txt,1250,4,11,DEVICE
documents.txt,1251,26,35,DEVICE
documents.txt,1252,0,9,DEVICE
documents.txt,1253,22,31,DEVICE
documents.txt,1254,0,9,DEVICE
documents.txt,1255,4,13,DEVICE
documents.txt,1256,0,7,DEVICE
documents.txt,1257,0,8,DEVICE
documents.txt,1258,0,7,DEVICE
documents.txt,1259,18,26,DEVICE
documents.txt,1260,0,9,DEVICE
documents.txt,1261,0,7,DEVICE
documents.txt,1262,33,40,DEVICE
documents.txt,1263,0,9,DEVICE
documents.txt,1264,0,7,DEVICE
documents.txt,1265,5,14,DEVICE
documents.txt,1266,8,18,DEVICE
documents.txt,1267,0,7,DEVICE
documents.txt,1268,44,52,DEVICE
documents.txt,1269,0,12,DEVICE
documents.txt,1270,41,50,DEVICE
documents.txt,1271,22,30,DEVICE
documents.txt,1272,5,14,DEVICE
documents.txt,1273,36,43,DEVICE
documents.txt,1274,0,7,DEVICE
documents.txt,1275,0,7,DEVICE
documents.txt,1276,14,21,DEVICE
documents.txt,1277,0,7,DEVICE
documents.txt,1278,12,19,DEVICE
documents.txt,1279,0,9,DEVICE
documents.txt,1280,3,13,DEVICE
documents.txt,1281,27,34,DEVICE
documents.txt,1282,0,9,DEVICE
documents.txt,1283,0,7,DEVICE
documents.txt,1285,0,10,DEVICE
documents.txt,1286,4,11,DEVICE
documents.txt,1287,60,68,DEVICE
documents.txt,1288,4,13,DEVICE
documents.txt,1289,0,7,DEVICE
documents.txt,1290,15,22,DEVICE
documents.txt,1291,37,46,DEVICE
documents.txt,1292,16,23,DEVICE
documents.txt,1293,0,9,DEVICE
documents.txt,1294,49,58,DEVICE
documents.txt,1295,0,9,DEVICE
documents.txt,1296,5,14,DEVICE
documents.txt,1297,25,34,DEVICE
documents.txt,1298,72,80,DEVICE
documents.txt,1299,15,22,DEVICE
documents.txt,1301,22,29,DEVICE
documents.txt,1302,0,8,DEVICE
documents.txt,1303,0,7,DEVICE
documents.txt,1304,45,54,DEVICE
documents.txt,1305,16,24,DEVICE
documents.txt,1306,0,14,DEVICE
documents.txt,1307,50,57,DEVICE
documents.txt,1308,3,13,DEVICE
documents.txt,1309,5,12,DEVICE
documents.txt,1310,0,10,DEVICE
documents.txt,1311,0,7,DEVICE
documents.txt,1312,0,7,DEVICE
documents.txt,1313,0,9,DEVICE
documents.txt,1314,0,8,DEVICE
documents.txt,1315,10,17,DEVICE
documents.txt,1316,11,18,DEVICE
documents.txt,1317,0,8,DEVICE
documents.txt,1318,10,17,DEVICE
documents.txt,1319,0,10,DEVICE
documents.txt,1320,20,28,DEVICE
documents.txt,1321,0,7,DEVICE
documents.txt,1322,0,7,DEVICE
documents.txt,1323,25,32,DEVICE
documents.txt,1324,0,16,DEVICE
documents.txt,1325,14,21,DEVICE
documents.txt,1326,0,7,DEVICE
documents.txt,1327,4,11,DEVICE
documents.txt,1328,15,24,DEVICE
documents.txt,1329,23,31,DEVICE
documents.txt,1330,3,10,DEVICE
documents.txt,1331,0,9,DEVICE
documents.txt,1332,0,7,DEVICE
documents.txt,1333,8,12,DEVICE
documents.txt,1334,5,12,DEVICE
documents.txt,1335,0,10,DEVICE
documents.txt,1336,58,65,DEVICE
documents.txt,1337,31,39,DEVICE
documents.txt,1338,10,19,DEVICE
documents.txt,1339,3,13,DEVICE
documents.txt,1340,0,8,DEVICE
documents.txt,1341,24,31,DEVICE
documents.txt,1342,0,9,DEVICE
documents.txt,1343,0,6,DEVICE
documents.txt,1344,0,10,DEVICE
documents.txt,1345,44,53,DEVICE
documents.txt,1346,28,36,DEVICE
documents.txt,1348,3,10,DEVICE
documents.txt,1349,0,7,DEVICE
documents.txt,1350,20,29,DEVICE
documents.txt,1351,27,34,DEVICE
documents.txt,1352,35,42,DEVICE
documents.txt,1353,0,10,DEVICE
documents.txt,1354,0,7,DEVICE
documents.txt,1355,0,10,DEVICE
documents.txt,1356,0,9,DEVICE
documents.txt,1357,0,7,DEVICE
documents.txt,1358,0,7,DEVICE
documents.txt,1359,19,26,DEVICE
documents.txt,1360,33,41,DEVICE
documents.txt,1361,0,7,DEVICE
documents.txt,1362,22,32,DEVICE
documents.txt,1363,0,9,DEVICE
documents.txt,1364,26,35,DEVICE
documents.txt,1365,0,8,DEVICE
documents.txt,1366,32,41,DEVICE
documents.txt,1367,13,22,DEVICE
documents.txt,1368,0,13,DEVICE
documents.txt,1369,0,7,DEVICE
documents.txt,1370,3,13,DEVICE
documents.txt,1371,29,36,DEVICE
documents.txt,1372,0,9,DEVICE
documents.txt,1373,35,42,DEVICE
documents.txt,1374,5,14,DEVICE
documents.txt,1375,15,22,DEVICE
documents.txt,1376,16,23,DEVICE
documents.txt,1377,0,7,DEVICE
documents.txt,1378,23,30,DEVICE
documents.txt,1379,0,7,DEVICE
documents.txt,1380,6,15,DEVICE
documents.txt,1381,34,43,DEVICE
documents.txt,1382,0,8,DEVICE
documents.txt,1383,0,10,DEVICE
documents.txt,1384,18,25,DEVICE
documents.txt,1385,13,22,DEVICE
documents.txt,1386,0,9,DEVICE
documents.txt,1387,3,13,DEVICE
documents.txt,1388,19,29,DEVICE
documents.txt,1389,0,8,DEVICE
documents.txt,1390,22,32,DEVICE
documents.txt,1391,49,58,DEVICE
documents.txt,1392,0,8,DEVICE
documents.txt,1393,26,35,DEVICE
documents.txt,1394,24,32,DEVICE
documents.txt,1395,0,6,DEVICE
documents.txt,1396,38,48,DEVICE
documents.txt,1397,57,66,DEVICE
documents.txt,1398,0,9,DEVICE
documents.txt,1399,4,14,DEVICE
documents.txt,1400,21,29,DEVICE
documents.txt,1401,24,31,DEVICE
documents.txt,1402,32,39,DEVICE
documents.txt,1403,25,32,DEVICE
documents.txt,1404,0,12,DEVICE
documents.txt,1405,17,25,DEVICE
documents.txt,1406,15,24,DEVICE
documents.txt,1407,42,51,DEVICE
documents.txt,1408,0,8,DEVICE
documents.txt,1409,25,34,DEVICE
documents.txt,1410,15,22,DEVICE
documents.txt,1411,8,17,DEVICE
documents.txt,1412,3,10,DEVICE
documents.txt,1413,0,10,DEVICE
documents.txt,1414,0,9,DEVICE
documents.txt,1415,22,29,DEVICE
documents.txt,1416,45,52,DEVICE
documents.txt,1417,0,9,DEVICE
documents.txt,1418,3,10,DEVICE
documents.txt,1419,0,7,DEVICE
documents.txt,1420,6,12,DEVICE
documents.txt,1421,20,29,DEVICE
documents.txt,1422,18,25,DEVICE
documents.txt,1423,0,8,DEVICE
documents.txt,1424,0,9,DEVICE
documents.txt,1425,26,35,DEVICE
documents.txt,1426,29,36,DEVICE
documents.txt,1427,18,25,DEVICE
documents.txt,1428,28,35,DEVICE
documents.txt,1429,0,9,DEVICE
documents.txt,1430,23,30,DEVICE
documents.txt,1431,20,27,DEVICE
documents.txt,1432,0,10,DEVICE
documents.txt,1433,8,18,DEVICE
documents.txt,1434,0,9,DEVICE
documents.txt,1435,0,7,DEVICE
documents.txt,1436,0,8,DEVICE
documents.txt,1437,10,19,DEVICE
documents.txt,1438,39,46,DEVICE
documents.txt,1439,3,13,DEVICE
documents.txt,1440,0,8,DEVICE
documents.txt,1441,0,8,DEVICE
documents.txt,1442,33,41,DEVICE
documents.txt,1443,0,9,DEVICE
documents.txt,1444,0,7,DEVICE
documents.txt,1445,0,9,DEVICE
documents.txt,1446,14,21,DEVICE
documents.txt,1447,29,38,DEVICE
documents.txt,1448,47,54,DEVICE
documents.txt,1449,0,7,DEVICE
documents.txt,1450,26,34,DEVICE
documents.txt,1451,0,8,DEVICE
documents.txt,1452,6,13,DEVICE
documents.txt,1453,27,34,DEVICE
documents.txt,1454,0,7,DEVICE
documents.txt,1455,3,13,DEVICE
documents.txt,1456,3,13,DEVICE
documents.txt,1457,0,7,DEVICE
documents.txt,1458,0,9,DEVICE
documents.txt,1459,13,21,DEVICE
documents.txt,1460,0,7,DEVICE
documents.txt,1461,0,9,DEVICE
documents.txt,1462,31,38,DEVICE
documents.txt,1463,0,7,DEVICE
documents.txt,1464,0,7,DEVICE
documents.txt,1465,23,32,DEVICE
documents.txt,1466,0,9,DEVICE
documents.txt,1467,5,12,DEVICE
documents.txt,1468,28,36,DEVICE
documents.txt,1469,29,38,DEVICE
documents.txt,1470,0,9,DEVICE
documents.txt,1471,18,27,DEVICE
documents.txt,1472,13,20,DEVICE
documents.txt,1473,0,7,DEVICE
documents.txt,1474,0,9,DEVICE
documents.txt,1475,13,22,DEVICE
documents.txt,1476,0,7,DEVICE
documents.txt,1477,0,10,DEVICE
documents.txt,1478,19,26,DEVICE
documents.txt,1479,4,13,DEVICE
documents.txt,1480,0,7,DEVICE
documents.txt,1481,0,10,DEVICE
documents.txt,1482,54,63,DEVICE
documents.txt,1483,42,51,DEVICE
documents.txt,1484,30,39,DEVICE
documents.txt,1485,3,13,DEVICE
documents.txt,1486,0,8,DEVICE
documents.txt,1487,13,22,DEVICE
documents.txt,1488,8,15,DEVICE
documents.txt,1489,0,11,DEVICE
documents.txt,1490,0,7,DEVICE
documents.txt,1491,44,53,DEVICE
documents.txt,1492,0,7,DEVICE
documents.txt,1493,9,15,DEVICE
documents.txt,1494,25,32,DEVICE
documents.txt,1495,0,9,DEVICE
documents.txt,1496,0,7,DEVICE
documents.txt,1497,0,8,DEVICE
documents.txt,1498,4,13,DEVICE
documents.txt,1499,0,7,DEVICE
documents.txt,1500,0,6,DEVICE
documents.txt,1501,11,18,DEVICE
documents.txt,1502,0,7,DEVICE
documents.txt,1503,0,8,DEVICE
documents.txt,1505,17,24,DEVICE
documents.txt,1506,17,26,DEVICE
documents.txt,1507,13,22,DEVICE
documents.txt,1509,27,34,DEVICE
documents.txt,1510,0,7,DEVICE
documents.txt,1511,11,21,DEVICE
documents.txt,1512,0,7,DEVICE
documents.txt,1513,4,11,DEVICE
documents.txt,1514,50,59,DEVICE
documents.txt,1515,0,8,DEVICE
documents.txt,1516,0,7,DEVICE
documents.txt,1517,0,7,DEVICE
documents.txt,1518,36,43,DEVICE
documents.txt,1519,1,8,DEVICE
documents.txt,1520,18,26,DEVICE
documents.txt,1521,0,6,DEVICE
documents.txt,1522,0,8,DEVICE
documents.txt,1523,0,9,DEVICE
documents.txt,1524,11,18,DEVICE
documents.txt,1525,0,8,DEVICE
documents.txt,1526,9,18,DEVICE
documents.txt,1527,13,21,DEVICE
documents.txt,1528,3,13,DEVICE
documents.txt,1529,31,39,DEVICE
documents.txt,1530,0,8,DEVICE
documents.txt,1531,5,6,DEVICE
documents.txt,1532,14,22,DEVICE
documents.txt,1533,11,21,DEVICE
documents.txt,1534,2,10,DEVICE
documents.txt,1535,30,37,DEVICE
documents.txt,1536,12,21,DEVICE
documents.txt,1537,16,25,DEVICE
documents.txt,1538,0,13,DEVICE
documents.txt,1539,63,72,DEVICE
documents.txt,1540,0,6,DEVICE
documents.txt,1541,0,9,DEVICE
documents.txt,1542,20,27,DEVICE
documents.txt,1543,0,7,DEVICE
documents.txt,1544,0,7,DEVICE
documents.txt,1545,0,7,DEVICE
documents.txt,1546,4,12,DEVICE
documents.txt,1547,0,9,DEVICE
documents.txt,1548,3,13,DEVICE
documents.txt,1549,0,7,DEVICE
documents.txt,1550,18,27,DEVICE
documents.txt,1551,16,23,DEVICE
documents.txt,1552,3,11,DEVICE
documents.txt,1553,0,7,DEVICE
documents.txt,1554,0,7,DEVICE
documents.txt,1555,0,9,DEVICE
documents.txt,1556,0,9,DEVICE
documents.txt,1557,43,51,DEVICE
documents.txt,1558,0,8,DEVICE
documents.txt,1559,23,31,DEVICE
documents.txt,1560,8,18,DEVICE
documents.txt,1561,0,7,DEVICE
documents.txt,1562,0,9,DEVICE
documents.txt,1563,21,30,DEVICE
documents.txt,1564,0,7,DEVICE
documents.txt,1565,0,9,DEVICE
documents.txt,1566,32,36,DEVICE
documents.txt,1567,0,7,DEVICE
documents.txt,1568,25,32,DEVICE
documents.txt,1569,0,7,DEVICE
documents.txt,1570,0,7,DEVICE
documents.txt,1571,0,9,DEVICE
documents.txt,1572,4,11,DEVICE
documents.txt,1573,0,7,DEVICE
documents.txt,1574,14,23,DEVICE
documents.txt,1575,6,14,DEVICE
documents.txt,1576,0,8,DEVICE
documents.txt,1577,0,10,DEVICE
documents.txt,1578,0,9,DEVICE
documents.txt,1579,25,33,DEVICE
documents.txt,1580,0,7,DEVICE
documents.txt,1581,26,35,DEVICE
documents.txt,1582,0,9,DEVICE
documents.txt,1583,55,64,DEVICE
documents.txt,1584,27,36,DEVICE
documents.txt,1585,4,11,DEVICE
documents.txt,1586,0,9,DEVICE
documents.txt,1587,0,9,DEVICE
documents.txt,1588,0,9,DEVICE
documents.txt,1589,23,30,DEVICE
documents.txt,1590,24,31,DEVICE
documents.txt,1591,0,7,DEVICE
documents.txt,1592,33,42,DEVICE
documents.txt,1593,17,24,DEVICE
documents.txt,1594,66,75,DEVICE
documents.txt,1595,25,34,DEVICE
documents.txt,1596,31,38,DEVICE
documents.txt,1597,0,7,DEVICE
documents.txt,1598,19,26,DEVICE
documents.txt,1599,0,9,DEVICE
documents.txt,1600,0,11,DEVICE
documents.txt,1601,20,27,DEVICE
documents.txt,1602,0,7,DEVICE
documents.txt,1603,0,7,DEVICE
documents.txt,1604,0,9,DEVICE
documents.txt,1605,19,26,DEVICE
documents.txt,1606,9,19,DEVICE
documents.txt,1607,0,8,DEVICE
documents.txt,1608,0,7,DEVICE
documents.txt,1609,0,10,DEVICE
documents.txt,1610,23,30,DEVICE
documents.txt,1611,0,9,DEVICE
documents.txt,1612,65,72,DEVICE
documents.txt,1613,44,54,DEVICE
documents.txt,1614,24,33,DEVICE
documents.txt,1615,24,30,DEVICE
documents.txt,1616,0,8,DEVICE
documents.txt,1617,3,13,DEVICE
documents.txt,1618,3,13,DEVICE
documents.txt,1619,19,28,DEVICE
documents.txt,1620,5,12,DEVICE
documents.txt,1621,0,10,DEVICE
documents.txt,1622,0,7,DEVICE
documents.txt,1623,0,7,DEVICE
documents.txt,1624,0,9,DEVICE
documents.txt,1625,3,13,DEVICE
documents.txt,1626,10,18,DEVICE
documents.txt,1627,4,11,DEVICE
documents.txt,1628,0,8,DEVICE
documents.txt,1629,10,17,DEVICE
documents.txt,1630,0,9,DEVICE
documents.txt,1631,0,9,DEVICE
documents.txt,1632,29,37,DEVICE
documents.txt,1633,45,53,DEVICE
documents.txt,1634,20,29,DEVICE
documents.txt,1635,0,7,DEVICE
documents.txt,1636,0,9,DEVICE
documents.txt,1637,0,7,DEVICE
documents.txt,1638,0,9,DEVICE
documents.txt,1639,14,23,DEVICE
documents.txt,1640,0,9,DEVICE
documents.txt,1641,0,7,DEVICE
documents.txt,1642,3,10,DEVICE
documents.txt,1643,8,15,DEVICE
documents.txt,1644,0,9,DEVICE
documents.txt,1646,0,9,DEVICE
documents.txt,1647,51,58,DEVICE
documents.txt,1648,0,7,DEVICE
documents.txt,1649,4,13,DEVICE
documents.txt,1650,19,29,DEVICE
documents.txt,1651,0,7,DEVICE
documents.txt,1652,11,20,DEVICE
documents.txt,1653,26,33,DEVICE
documents.txt,1654,0,7,DEVICE
documents.txt,1655,31,40,DEVICE
documents.txt,1656,0,7,DEVICE
documents.txt,1657,0,10,DEVICE
documents.txt,1658,0,8,DEVICE
documents.txt,1659,33,40,DEVICE
documents.txt,1660,0,7,DEVICE
documents.txt,1661,72,81,DEVICE
documents.txt,1662,25,33,DEVICE
documents.txt,1663,30,38,DEVICE
documents.txt,1664,0,7,DEVICE
documents.txt,1665,7,16,DEVICE
documents.txt,1666,21,28,DEVICE
documents.txt,1667,3,11,DEVICE
documents.txt,1668,20,27,DEVICE
documents.txt,1669,22,29,DEVICE
documents.txt,1670,3,10,DEVICE
documents.txt,1671,7,17,DEVICE
documents.txt,1672,0,8,DEVICE
documents.txt,1673,0,9,DEVICE
documents.txt,1674,0,8,DEVICE
documents.txt,1675,0,9,DEVICE
documents.txt,1676,12,21,DEVICE
documents.txt,1677,28,36,DEVICE
documents.txt,1678,11,20,DEVICE
documents.txt,1679,0,8,DEVICE
documents.txt,1680,50,59,DEVICE
documents.txt,1681,0,9,DEVICE
documents.txt,1682,0,9,DEVICE
documents.txt,1684,28,35,DEVICE
documents.txt,1685,37,44,DEVICE
documents.txt,1686,5,13,DEVICE
documents.txt,1687,16,23,DEVICE
documents.txt,1688,0,9,DEVICE
documents.txt,1689,0,8,DEVICE
documents.txt,1690,0,9,DEVICE
documents.txt,1691,0,7,DEVICE
documents.txt,1692,15,22,DEVICE
documents.txt,1693,0,7,DEVICE
documents.txt,1694,32,39,DEVICE
documents.txt,1695,20,30,DEVICE
documents.txt,1696,0,9,DEVICE
documents.txt,1697,0,7,DEVICE
documents.txt,1698,20,29,DEVICE
documents.txt,1699,0,7,DEVICE
documents.txt,1700,0,9,DEVICE
documents.txt,1701,13,20,DEVICE
documents.txt,1702,29,38,DEVICE
documents.txt,1704,5,14,DEVICE
documents.txt,1705,24,31,DEVICE
documents.txt,1706,0,7,DEVICE
documents.txt,1707,0,10,DEVICE
documents.txt,1708,13,21,DEVICE
documents.txt,1709,10,22,DEVICE
documents.txt,1710,3,10,DEVICE
documents.txt,1711,0,9,DEVICE
documents.txt,1712,6,15,DEVICE
documents.txt,1713,7,17,DEVICE
documents.txt,1714,23,32,DEVICE
documents.txt,1715,3,13,DEVICE
documents.txt,1716,37,45,DEVICE
documents.txt,1717,3,13,DEVICE
documents.txt,1718,0,8,DEVICE
documents.txt,1719,0,7,DEVICE
documents.txt,1720,7,14,DEVICE
documents.txt,1721,13,21,DEVICE
documents.txt,1722,17,24,DEVICE
documents.txt,1723,47,54,DEVICE
documents.txt,1724,17,26,DEVICE
documents.txt,1725,17,24,DEVICE
documents.txt,1726,7,16,DEVICE
documents.txt,1727,19,26,DEVICE
documents.txt,1728,0,12,DEVICE
documents.txt,1729,3,10,DEVICE
documents.txt,1730,0,8,DEVICE
documents.txt,1731,0,9,DEVICE
documents.txt,1732,3,10,DEVICE
documents.txt,1733,60,69,DEVICE
documents.txt,1734,0,9,DEVICE
documents.txt,1735,14,21,DEVICE
documents.txt,1736,36,43,DEVICE
documents.txt,1737,0,7,DEVICE
documents.txt,1738,45,54,DEVICE
documents.txt,1739,24,31,DEVICE
documents.txt,1740,4,11,DEVICE
documents.txt,1741,5,14,DEVICE
documents.txt,1742,0,7,DEVICE
documents.txt,1743,36,43,DEVICE
documents.txt,1744,20,28,DEVICE
documents.txt,1745,37,44,DEVICE
documents.txt,1746,0,9,DEVICE
documents.txt,1747,0,7,DEVICE
documents.txt,1748,0,7,DEVICE
documents.txt,1749,35,42,DEVICE
documents.txt,1750,0,7,DEVICE
documents.txt,1751,10,17,DEVICE
documents.txt,1752,33,40,DEVICE
documents.txt,1753,29,38,DEVICE
documents.txt,1754,0,7,DEVICE
documents.txt,1755,26,35,DEVICE
documents.txt,1756,0,9,DEVICE
documents.txt,1757,4,11,DEVICE
documents.txt,1758,21,28,DEVICE
documents.txt,1759,5,14,DEVICE
documents.txt,1760,25,32,DEVICE
documents.txt,1761,0,9,DEVICE
documents.txt,1762,5,12,DEVICE
documents.txt,1763,0,10,DEVICE
documents.txt,1764,26,33,DEVICE
documents.txt,1766,0,7,DEVICE
documents.txt,1767,0,10,DEVICE
documents.txt,1768,26,33,DEVICE
documents.txt,1769,0,10,DEVICE
documents.txt,1770,9,16,DEVICE
documents.txt,1771,12,19,DEVICE
documents.txt,1772,0,9,DEVICE
documents.txt,1773,0,9,DEVICE
documents.txt,1774,0,9,DEVICE
documents.txt,1775,0,7,DEVICE
documents.txt,1776,20,29,DEVICE
documents.txt,1777,35,42,DEVICE
documents.txt,1778,4,12,DEVICE
documents.txt,1779,0,7,DEVICE
documents.txt,1780,30,37,DEVICE
documents.txt,1781,55,64,DEVICE
documents.txt,1782,0,7,DEVICE
documents.txt,1783,19,28,DEVICE
documents.txt,1784,38,46,DEVICE
documents.txt,1785,16,23,DEVICE
documents.txt,1786,11,20,DEVICE
documents.txt,1787,0,8,DEVICE
documents.txt,1788,0,4,DEVICE
documents.txt,1789,10,19,DEVICE
documents.txt,1790,0,7,DEVICE
documents.txt,1791,0,10,DEVICE
documents.txt,1792,0,9,DEVICE
documents.txt,1793,0,7,DEVICE
documents.txt,1794,30,37,DEVICE
documents.txt,1795,31,40,DEVICE
documents.txt,1796,21,30,DEVICE
documents.txt,1797,11,20,DEVICE
documents.txt,1798,0,9,DEVICE
documents.txt,1799,3,13,DEVICE
documents.txt,1800,0,8,DEVICE
documents.txt,1801,0,9,DEVICE
documents.txt,1802,0,9,DEVICE
documents.txt,1803,8,21,DEVICE
documents.txt,1804,0,9,DEVICE
documents.txt,1805,16,24,DEVICE
documents.txt,1806,0,9,DEVICE
documents.txt,1807,0,9,DEVICE
documents.txt,1808,43,52,DEVICE
documents.txt,1809,7,16,DEVICE
documents.txt,1810,0,8,DEVICE
documents.txt,1811,17,24,DEVICE
documents.txt,1812,7,14,DEVICE
documents.txt,1813,0,9,DEVICE
documents.txt,1814,0,7,DEVICE
documents.txt,1815,0,8,DEVICE
documents.txt,1816,40,49,DEVICE
documents.txt,1817,20,29,DEVICE
documents.txt,1818,12,21,DEVICE
documents.txt,1819,0,8,DEVICE
documents.txt,1820,0,9,DEVICE
documents.txt,1821,0,9,DEVICE
documents.txt,1822,6,19,DEVICE
documents.txt,1823,0,7,DEVICE
documents.txt,1824,13,20,DEVICE
documents.txt,1825,0,9,DEVICE
documents.txt,1826,0,9,DEVICE
documents.txt,1827,0,7,DEVICE
documents.txt,1828,0,7,DEVICE
documents.txt,1829,28,35,DEVICE
documents.txt,1830,0,7,DEVICE
documents.txt,1831,31,38,DEVICE
documents.txt,1832,33,42,DEVICE
documents.txt,1833,8,17,DEVICE
documents.txt,1834,7,16,DEVICE
documents.txt,1835,26,33,DEVICE
documents.txt,1836,0,7,DEVICE
documents.txt,1837,0,7,DEVICE
documents.txt,1838,0,9,DEVICE
documents.txt,1839,45,52,DEVICE
documents.txt,1840,10,19,DEVICE
documents.txt,1841,0,9,DEVICE
documents.txt,1842,5,12,DEVICE
documents.txt,1843,31,39,DEVICE
documents.txt,1844,0,8,DEVICE
documents.txt,1845,0,7,DEVICE
documents.txt,1846,0,16,DEVICE
documents.txt,1847,0,7,DEVICE
documents.txt,1848,0,10,DEVICE
documents.txt,1849,0,7,DEVICE
documents.txt,1850,11,18,DEVICE
documents.txt,1851,0,9,DEVICE
documents.txt,1852,27,34,DEVICE
documents.txt,1853,0,9,DEVICE
documents.txt,1854,19,28,DEVICE
documents.txt,1855,0,7,DEVICE
documents.txt,1856,0,7,DEVICE
documents.txt,1857,23,30,DEVICE
documents.txt,1858,0,7,DEVICE
documents.txt,1859,0,9,DEVICE
documents.txt,1860,0,7,DEVICE
documents.txt,1861,29,44,DEVICE
documents.txt,1862,0,9,DEVICE
documents.txt,1863,0,7,DEVICE
documents.txt,1864,0,7,DEVICE
documents.txt,1865,41,49,DEVICE
documents.txt,1866,24,32,DEVICE
documents.txt,1867,38,45,DEVICE
documents.txt,1868,4,13,DEVICE
documents.txt,1869,0,7,DEVICE
documents.txt,1870,0,9,DEVICE
documents.txt,1871,0,8,DEVICE
documents.txt,1872,17,24,DEVICE
documents.txt,1873,0,8,DEVICE
documents.txt,1874,39,48,DEVICE
documents.txt,1875,26,33,DEVICE
documents.txt,1876,0,7,DEVICE
documents.txt,1877,0,9,DEVICE
documents.txt,1878,9,18,DEVICE
documents.txt,1879,5,14,DEVICE
documents.txt,1880,0,8,DEVICE
documents.txt,1881,0,9,DEVICE
documents.txt,1882,7,16,DEVICE
documents.txt,1883,30,39,DEVICE
documents.txt,1884,0,7,DEVICE
documents.txt,1885,5,12,DEVICE
documents.txt,1886,0,7,DEVICE
documents.txt,1887,0,7,DEVICE
documents.txt,1888,3,13,DEVICE
documents.txt,1889,8,15,DEVICE
documents.txt,1890,0,9,DEVICE
documents.txt,1891,0,7,DEVICE
documents.txt,1892,17,25,DEVICE
documents.txt,1893,28,36,DEVICE
documents.txt,1894,9,18,DEVICE
documents.txt,1895,0,9,DEVICE
documents.txt,1896,17,26,DEVICE
documents.txt,1897,32,39,DEVICE
documents.txt,1898,37,46,DEVICE
documents.txt,1899,21,28,DEVICE
documents.txt,1900,24,32,DEVICE
documents.txt,1901,3,13,DEVICE
documents.txt,1902,0,8,DEVICE
documents.txt,1903,4,14,DEVICE
documents.txt,1904,24,31,DEVICE
documents.txt,1905,16,25,DEVICE
documents.txt,1906,5,14,DEVICE
documents.txt,1907,4,14,DEVICE
documents.txt,1908,7,14,DEVICE
documents.txt,1909,4,12,DEVICE
documents.txt,1910,0,8,DEVICE
documents.txt,1911,0,7,DEVICE
documents.txt,1912,36,42,DEVICE
documents.txt,1913,0,9,DEVICE
documents.txt,1914,0,7,DEVICE
documents.txt,1915,0,7,DEVICE
documents.txt,1916,41,48,DEVICE
documents.txt,1917,3,13,DEVICE
documents.txt,1918,20,27,DEVICE
documents.txt,1919,0,7,DEVICE
documents.txt,1920,3,10,DEVICE
documents.txt,1921,0,7,DEVICE
documents.txt,1922,21,29,DEVICE
documents.txt,1923,5,13,DEVICE
documents.txt,1924,37,45,DEVICE
documents.txt,1925,0,7,DEVICE
documents.txt,1926,10,17,DEVICE
documents.txt,1927,16,25,DEVICE
documents.txt,1928,22,31,DEVICE
documents.txt,1929,0,9,DEVICE
documents.txt,1930,10,19,DEVICE
documents.txt,1931,18,25,DEVICE
documents.txt,1932,21,30,DEVICE
documents.txt,1933,0,10,DEVICE
documents.txt,1934,4,11,DEVICE
documents.txt,1935,0,9,DEVICE
documents.txt,1936,8,21,DEVICE
documents.txt,1937,51,57,DEVICE
documents.txt,1938,0,7,DEVICE
documents.txt,1939,0,10,DEVICE
documents.txt,1940,33,42,DEVICE
documents.txt,1941,0,7,DEVICE
documents.txt,1942,11,26,DEVICE
documents.txt,1943,22,31,DEVICE
documents.txt,1944,0,9,DEVICE
documents.txt,1945,24,32,DEVICE
documents.txt,1946,0,7,DEVICE
documents.txt,1947,14,23,DEVICE
documents.txt,1948,19,26,DEVICE
documents.txt,1949,0,9,DEVICE
documents.txt,1950,0,7,DEVICE
documents.txt,1951,17,24,DEVICE
documents.txt,1952,17,25,DEVICE
documents.txt,1953,0,7,DEVICE
documents.txt,1954,0,9,DEVICE
documents.txt,1955,32,39,DEVICE
documents.txt,1956,21,30,DEVICE
documents.txt,1957,4,11,DEVICE
documents.txt,1958,19,28,DEVICE
documents.txt,1959,0,7,DEVICE
documents.txt,1960,15,23,DEVICE
documents.txt,1961,0,9,DEVICE
documents.txt,1962,26,35,DEVICE
documents.txt,1963,0,9,DEVICE
documents.txt,1964,0,7,DEVICE
documents.txt,1965,0,7,DEVICE
documents.txt,1966,42,49,DEVICE
documents.txt,1967,12,20,DEVICE
documents.txt,1968,19,23,DEVICE
documents.txt,1969,8,15,DEVICE
documents.txt,1970,13,21,DEVICE
documents.txt,1971,25,34,DEVICE
documents.txt,1972,12,22,DEVICE
documents.txt,1973,22,30,DEVICE
documents.txt,1974,0,7,DEVICE
documents.txt,1975,15,24,DEVICE
documents.txt,1976,26,33,DEVICE
documents.txt,1977,18,26,DEVICE
documents.txt,1978,35,43,DEVICE
documents.txt,1979,23,31,DEVICE
documents.txt,1980,0,13,DEVICE
documents.txt,1981,28,35,DEVICE
documents.txt,1982,0,9,DEVICE
documents.txt,1983,17,24,DEVICE
documents.txt,1984,0,7,DEVICE
documents.txt,1985,28,38,DEVICE
documents.txt,1986,16,26,DEVICE
documents.txt,1987,0,7,DEVICE
documents.txt,1988,32,39,DEVICE
documents.txt,1989,0,7,DEVICE
documents.txt,1990,24,33,DEVICE
documents.txt,1991,3,11,DEVICE
documents.txt,1992,0,9,DEVICE
documents.txt,1993,23,30,DEVICE
documents.txt,1994,19,27,DEVICE
documents.txt,1995,19,28,DEVICE
documents.txt,1996,34,38,DEVICE
documents.txt,1997,0,9,DEVICE
documents.txt,1998,30,38,DEVICE
documents.txt,1999,0,7,DEVICE
documents.txt,2000,3,10,DEVICE
documents.txt,2001,11,18,DEVICE
documents.txt,2002,20,27,DEVICE
documents.txt,2003,0,7,DEVICE
documents.txt,2004,11,20,DEVICE
documents.txt,2005,0,7,DEVICE
documents.txt,2006,4,13,DEVICE
documents.txt,2007,18,28,DEVICE
documents.txt,2008,30,39,DEVICE
documents.txt,2009,11,18,DEVICE
documents.txt,2010,40,48,DEVICE
documents.txt,2011,0,8,DEVICE
documents.txt,2012,4,11,DEVICE
documents.txt,2013,0,7,DEVICE
documents.txt,2014,12,20,DEVICE
documents.txt,2015,33,40,DEVICE
documents.txt,2016,16,26,DEVICE
documents.txt,2017,0,13,DEVICE
documents.txt,2018,0,9,DEVICE
documents.txt,2019,0,7,DEVICE
documents.txt,2020,22,29,DEVICE
documents.txt,2021,20,28,DEVICE
documents.txt,2022,3,13,DEVICE
documents.txt,2023,8,18,DEVICE
documents.txt,2024,23,33,DEVICE
documents.txt,2025,0,10,DEVICE
documents.txt,2026,3,13,DEVICE
documents.txt,2027,0,9,DEVICE
documents.txt,2028,18,25,DEVICE
documents.txt,2029,0,8,DEVICE
documents.txt,2030,3,13,DEVICE
documents.txt,2031,0,9,DEVICE
documents.txt,2032,3,10,DEVICE
documents.txt,2033,0,7,DEVICE
documents.txt,2034,19,26,DEVICE
documents.txt,2035,0,8,DEVICE
documents.txt,2036,0,7,DEVICE
documents.txt,2037,28,37,DEVICE
documents.txt,2038,10,17,DEVICE
documents.txt,2039,15,22,DEVICE
documents.txt,2040,29,36,DEVICE
documents.txt,2041,5,13,DEVICE
documents.txt,2042,0,10,DEVICE
documents.txt,2043,24,31,DEVICE
documents.txt,2044,0,8,DEVICE
documents.txt,2045,20,28,DEVICE
documents.txt,2046,0,8,DEVICE
documents.txt,2047,20,28,DEVICE
documents.txt,2048,50,57,DEVICE
documents.txt,2049,0,7,DEVICE
documents.txt,2050,0,7,DEVICE
documents.txt,2051,0,10,DEVICE
documents.txt,2052,0,7,DEVICE
documents.txt,2053,22,29,DEVICE
documents.txt,2054,29,38,DEVICE
documents.txt,2055,55,64,DEVICE
documents.txt,2056,0,7,DEVICE
documents.txt,2057,19,28,DEVICE
documents.txt,2058,4,11,DEVICE
documents.txt,2059,0,7,DEVICE
documents.txt,2060,10,17,DEVICE
documents.txt,2061,46,53,DEVICE
documents.txt,2062,10,19,DEVICE
documents.txt,2063,4,11,DEVICE
documents.txt,2064,8,17,DEVICE
documents.txt,2065,3,10,DEVICE
documents.txt,2066,4,12,DEVICE
documents.txt,2067,0,7,DEVICE
documents.txt,2068,12,20,DEVICE
documents.txt,2069,22,29,DEVICE
documents.txt,2070,12,21,DEVICE
documents.txt,2071,14,23,DEVICE
documents.txt,2072,0,9,DEVICE
documents.txt,2073,0,9,DEVICE
documents.txt,2074,10,17,DEVICE
documents.txt,2075,0,9,DEVICE
documents.txt,2076,0,7,DEVICE
documents.txt,2077,3,13,DEVICE
documents.txt,2078,18,27,DEVICE
documents.txt,2079,12,20,DEVICE
documents.txt,2080,24,31,DEVICE
documents.txt,2081,12,20,DEVICE
documents.txt,2082,0,9,DEVICE
documents.txt,2083,0,9,DEVICE
documents.txt,2084,0,10,DEVICE
documents.txt,2085,0,7,DEVICE
documents.txt,2086,22,29,DEVICE
documents.txt,2087,0,8,DEVICE
documents.txt,2088,30,37,DEVICE
documents.txt,2089,2,11,DEVICE
documents.txt,2090,17,24,DEVICE
documents.txt,2091,25,35,DEVICE
documents.txt,2092,19,27,DEVICE
documents.txt,2093,8,15,DEVICE
documents.txt,2094,4,11,DEVICE
documents.txt,2095,0,7,DEVICE
documents.txt,2096,0,7,DEVICE
documents.txt,2097,0,10,DEVICE
documents.txt,2098,11,17,DEVICE
documents.txt,2099,0,7,DEVICE
documents.txt,2100,35,42,DEVICE
documents.txt,2101,10,17,DEVICE
documents.txt,2102,3,13,DEVICE
documents.txt,2103,0,9,DEVICE
documents.txt,2104,19,25,DEVICE
documents.txt,2105,7,14,DEVICE
documents.txt,2106,10,19,DEVICE
documents.txt,2107,22,30,DEVICE
documents.txt,2108,3,10,DEVICE
documents.txt,2109,43,50,DEVICE
documents.txt,2110,0,7,DEVICE
documents.txt,2111,3,10,DEVICE
documents.txt,2112,4,11,DEVICE
documents.txt,2113,22,31,DEVICE
documents.txt,2114,0,7,DEVICE
documents.txt,2115,20,27,DEVICE
documents.txt,2116,0,7,DEVICE
documents.txt,2117,0,7,DEVICE
documents.txt,2118,6,13,DEVICE
documents.txt,2119,2,10,DEVICE
documents.txt,2120,19,27,DEVICE
documents.txt,2121,17,25,DEVICE
documents.txt,2122,0,8,DEVICE
documents.txt,2123,29,39,DEVICE
documents.txt,2124,3,13,DEVICE
documents.txt,2125,25,34,DEVICE
documents.txt,2126,17,26,DEVICE
documents.txt,2127,6,15,DEVICE
documents.txt,2128,0,7,DEVICE
documents.txt,2130,23,30,DEVICE
documents.txt,2131,21,28,DEVICE
documents.txt,2132,0,9,DEVICE
documents.txt,2133,39,46,DEVICE
documents.txt,2134,19,26,DEVICE
documents.txt,2135,0,9,DEVICE
documents.txt,2136,3,13,DEVICE
documents.txt,2137,3,10,DEVICE
documents.txt,2138,45,54,DEVICE
documents.txt,2139,0,9,DEVICE
documents.txt,2140,18,26,DEVICE
documents.txt,2141,0,7,DEVICE
documents.txt,2142,30,37,DEVICE
documents.txt,2143,10,19,DEVICE
documents.txt,2144,24,33,DEVICE
documents.txt,2145,0,7,DEVICE
documents.txt,2146,14,23,DEVICE
documents.txt,2147,49,57,DEVICE
documents.txt,2148,21,28,DEVICE
documents.txt,2149,19,29,DEVICE
documents.txt,2150,0,7,DEVICE
documents.txt,2151,0,8,DEVICE
documents.txt,2152,3,13,DEVICE
documents.txt,2153,0,7,DEVICE
documents.txt,2154,0,7,DEVICE
documents.txt,2155,67,74,DEVICE
documents.txt,2156,19,28,DEVICE
documents.txt,2157,24,31,DEVICE
documents.txt,2158,4,22,DEVICE
documents.txt,2159,18,25,DEVICE
documents.txt,2160,10,18,DEVICE
documents.txt,2161,0,16,DEVICE
documents.txt,2162,0,9,DEVICE
documents.txt,2163,0,7,DEVICE
documents.txt,2164,18,28,DEVICE
documents.txt,2165,0,9,DEVICE
documents.txt,2166,0,10,DEVICE
documents.txt,2167,18,25,DEVICE
documents.txt,2168,6,13,DEVICE
documents.txt,2169,3,13,DEVICE
documents.txt,2170,0,13,DEVICE
documents.txt,2171,17,24,DEVICE
documents.txt,2172,0,9,DEVICE
documents.txt,2173,0,7,DEVICE
documents.txt,2174,5,11,DEVICE
documents.txt,2175,0,9,DEVICE
documents.txt,2176,3,13,DEVICE
documents.txt,2177,4,14,DEVICE
documents.txt,2178,0,7,DEVICE
documents.txt,2179,20,30,DEVICE
documents.txt,2180,0,7,DEVICE
documents.txt,2181,0,9,DEVICE
documents.txt,2182,3,13,DEVICE
documents.txt,2183,22,29,DEVICE
documents.txt,2184,0,7,DEVICE
documents.txt,2185,0,9,DEVICE
documents.txt,2186,0,7,DEVICE
documents.txt,2187,0,9,DEVICE
documents.txt,2188,28,35,DEVICE
documents.txt,2189,38,46,DEVICE
documents.txt,2190,0,9,DEVICE
documents.txt,2192,37,45,DEVICE
documents.txt,2193,33,40,DEVICE
documents.txt,2194,22,32,DEVICE
documents.txt,2195,33,42,DEVICE
documents.txt,2196,26,36,DEVICE
documents.txt,2197,0,9,DEVICE
documents.txt,2198,0,9,DEVICE
documents.txt,2199,35,43,DEVICE
documents.txt,2200,42,52,DEVICE
documents.txt,2201,0,9,DEVICE
documents.txt,2202,0,8,DEVICE
documents.txt,2203,0,7,DEVICE
documents.txt,2204,24,33,DEVICE
documents.txt,2205,0,9,DEVICE
documents.txt,2206,0,8,DEVICE
documents.txt,2207,0,10,DEVICE
documents.txt,2208,0,8,DEVICE
documents.txt,2209,3,13,DEVICE
documents.txt,2210,27,36,DEVICE
documents.txt,2211,3,13,DEVICE
documents.txt,2212,46,54,DEVICE
documents.txt,2213,12,18,DEVICE
documents.txt,2214,3,10,DEVICE
documents.txt,2215,3,10,DEVICE
documents.txt,2216,25,34,DEVICE
documents.txt,2217,0,9,DEVICE
documents.txt,2218,15,22,DEVICE
documents.txt,2219,34,41,DEVICE
documents.txt,2220,13,21,DEVICE
documents.txt,2221,0,9,DEVICE
documents.txt,2222,0,10,DEVICE
documents.txt,2223,17,26,DEVICE
documents.txt,2224,23,30,DEVICE
documents.txt,2225,4,13,DEVICE
documents.txt,2226,0,9,DEVICE
documents.txt,2227,0,7,DEVICE
documents.txt,2228,0,7,DEVICE
documents.txt,2229,14,21,DEVICE
documents.txt,2230,0,9,DEVICE
documents.txt,2231,0,10,DEVICE
documents.txt,2232,0,9,DEVICE
documents.txt,2233,24,34,DEVICE
documents.txt,2234,16,23,DEVICE
documents.txt,2235,0,8,DEVICE
documents.txt,2236,0,7,DEVICE
documents.txt,2237,10,17,DEVICE
documents.txt,2238,14,23,DEVICE
documents.txt,2239,0,7,DEVICE
documents.txt,2240,0,9,DEVICE
documents.txt,2241,0,9,DEVICE
documents.txt,2242,0,7,DEVICE
documents.txt,2243,0,8,DEVICE
documents.txt,2244,0,9,DEVICE
documents.txt,2245,0,9,DEVICE
documents.txt,2246,0,7,DEVICE
documents.txt,2247,16,25,DEVICE
documents.txt,2248,21,28,DEVICE
documents.txt,2249,4,11,DEVICE
documents.txt,2250,0,9,DEVICE
documents.txt,2251,18,26,DEVICE
documents.txt,2252,22,30,DEVICE
documents.txt,2253,17,24,DEVICE
documents.txt,2254,42,51,DEVICE
documents.txt,2255,23,32,DEVICE
documents.txt,2256,0,7,DEVICE
documents.txt,2257,0,10,DEVICE
documents.txt,2258,32,39,DEVICE
documents.txt,2259,7,14,DEVICE
documents.txt,2260,0,9,DEVICE
documents.txt,2261,18,27,DEVICE
documents.txt,2262,0,7,DEVICE
documents.txt,2263,0,9,DEVICE
documents.txt,2264,0,7,DEVICE
documents.txt,2265,15,22,DEVICE
documents.txt,2266,0,8,DEVICE
documents.txt,2267,12,19,DEVICE
documents.txt,2268,0,8,DEVICE
documents.txt,2269,12,19,DEVICE
documents.txt,2270,0,9,DEVICE
documents.txt,2271,0,9,DEVICE
documents.txt,2272,6,15,DEVICE
documents.txt,2273,0,7,DEVICE
documents.txt,2274,3,12,DEVICE
documents.txt,2275,28,35,DEVICE
documents.txt,2276,16,23,DEVICE
documents.txt,2277,0,7,DEVICE
documents.txt,2278,0,7,DEVICE
documents.txt,2279,39,49,DEVICE
documents.txt,2280,0,9,DEVICE
documents.txt,2281,9,18,DEVICE
documents.txt,2282,0,7,DEVICE
documents.txt,2283,23,32,DEVICE
documents.txt,2284,3,10,DEVICE
documents.txt,2285,0,8,DEVICE
documents.txt,2286,3,13,DEVICE
documents.txt,2287,13,22,DEVICE
documents.txt,2288,5,15,DEVICE
documents.txt,2289,5,14,DEVICE
documents.txt,2290,0,7,DEVICE
documents.txt,2291,20,24,DEVICE
documents.txt,2292,0,7,DEVICE
documents.txt,2293,13,22,DEVICE
documents.txt,2294,34,41,DEVICE
documents.txt,2295,25,32,DEVICE
documents.txt,2296,0,9,DEVICE
documents.txt,2297,0,9,DEVICE
documents.txt,2298,9,17,DEVICE
documents.txt,2299,3,13,DEVICE
documents.txt,2300,34,41,DEVICE
documents.txt,2301,0,10,DEVICE
documents.txt,2302,0,7,DEVICE
documents.txt,2303,7,15,DEVICE
documents.txt,2304,0,8,DEVICE
documents.txt,2305,4,11,DEVICE
documents.txt,2306,14,21,DEVICE
documents.txt,2307,3,10,DEVICE
documents.txt,2308,8,16,DEVICE
documents.txt,2309,13,22,DEVICE
documents.txt,2310,0,7,DEVICE
documents.txt,2311,22,29,DEVICE
documents.txt,2312,4,14,DEVICE
documents.txt,2313,0,9,DEVICE
documents.txt,2314,0,7,DEVICE
documents.txt,2315,0,7,DEVICE
documents.txt,2316,0,7,DEVICE
documents.txt,2317,0,12,DEVICE
documents.txt,2318,0,7,DEVICE
documents.txt,2319,0,7,DEVICE
documents.txt,2320,27,34,DEVICE
documents.txt,2321,15,22,DEVICE
documents.txt,2322,0,9,DEVICE
documents.txt,2323,26,35,DEVICE
documents.txt,2324,45,52,DEVICE
documents.txt,2325,0,7,DEVICE
documents.txt,2326,0,10,DEVICE
documents.txt,2327,0,9,DEVICE
documents.txt,2328,8,15,DEVICE
documents.txt,2329,3,13,DEVICE
documents.txt,2330,17,24,DEVICE
documents.txt,2331,18,27,DEVICE
documents.txt,2332,0,9,DEVICE
documents.txt,2333,0,7,DEVICE
documents.txt,2334,0,10,DEVICE
documents.txt,2336,0,9,DEVICE
documents.txt,2337,16,24,DEVICE
documents.txt,2338,5,12,DEVICE
documents.txt,2339,3,13,DEVICE
documents.txt,2340,18,25,DEVICE
documents.txt,2341,8,18,DEVICE
documents.txt,2342,0,8,DEVICE
documents.txt,2343,3,13,DEVICE
documents.txt,2344,0,9,DEVICE
documents.txt,2345,0,9,DEVICE
documents.txt,2346,0,10,DEVICE
documents.txt,2347,0,9,DEVICE
documents.txt,2348,0,7,DEVICE
documents.txt,2349,0,7,DEVICE
documents.txt,2350,10,17,DEVICE
documents.txt,2351,0,7,DEVICE
documents.txt,2352,0,7,DEVICE
documents.txt,2353,3,13,DEVICE
documents.txt,2354,0,7,DEVICE
documents.txt,2355,20,27,DEVICE
documents.txt,2356,0,7,DEVICE
documents.txt,2357,0,9,DEVICE
documents.txt,2358,3,10,DEVICE
documents.txt,2359,19,27,DEVICE
documents.txt,2360,0,10,DEVICE
documents.txt,2361,0,7,DEVICE
documents.txt,2362,19,26,DEVICE
documents.txt,2363,0,7,DEVICE
documents.txt,2364,16,23,DEVICE
documents.txt,2365,0,7,DEVICE
documents.txt,2366,3,10,DEVICE
documents.txt,2367,0,7,DEVICE
documents.txt,2368,3,13,DEVICE
documents.txt,2369,0,8,DEVICE
documents.txt,2370,0,7,DEVICE
documents.txt,2371,22,29,DEVICE
documents.txt,2372,9,19,DEVICE
documents.txt,2373,0,8,DEVICE
documents.txt,2374,59,66,DEVICE
documents.txt,2375,18,26,DEVICE
documents.txt,2376,0,7,DEVICE
documents.txt,2377,0,7,DEVICE
documents.txt,2378,17,24,DEVICE
documents.txt,2379,10,18,DEVICE
documents.txt,2380,0,9,DEVICE
documents.txt,2381,0,8,DEVICE
documents.txt,2382,0,9,DEVICE
documents.txt,2383,10,18,DEVICE
documents.txt,2384,21,30,DEVICE
documents.txt,2385,24,33,DEVICE
documents.txt,2386,0,7,DEVICE
documents.txt,2387,18,26,DEVICE
documents.txt,2388,3,13,DEVICE
documents.txt,2389,0,7,DEVICE
documents.txt,2390,28,35,DEVICE
documents.txt,2391,22,29,DEVICE
documents.txt,2392,12,19,DEVICE
documents.txt,2393,0,7,DEVICE
documents.txt,2394,0,8,DEVICE
documents.txt,2395,0,8,DEVICE
documents.txt,2396,0,8,DEVICE
documents.txt,2397,0,10,DEVICE
documents.txt,2398,15,22,DEVICE
documents.txt,2399,0,8,DEVICE
documents.txt,2400,0,7,DEVICE
documents.txt,2401,0,9,DEVICE
documents.txt,2402,0,7,DEVICE
documents.txt,2403,0,9,DEVICE
documents.txt,2404,3,13,DEVICE
documents.txt,2405,26,35,DEVICE
documents.txt,2406,0,9,DEVICE
documents.txt,2407,0,7,DEVICE
documents.txt,2408,4,13,DEVICE
documents.txt,2409,10,20,DEVICE
documents.txt,2410,0,9,DEVICE
documents.txt,2411,20,24,DEVICE
documents.txt,2412,0,7,DEVICE
documents.txt,2413,25,32,DEVICE
documents.txt,2414,0,7,DEVICE
documents.txt,2415,0,10,DEVICE
documents.txt,2416,0,8,DEVICE
documents.txt,2417,12,20,DEVICE
documents.txt,2418,0,7,DEVICE
documents.txt,2419,0,7,DEVICE
documents.txt,2421,3,13,DEVICE
documents.txt,2422,0,9,DEVICE
documents.txt,2423,10,19,DEVICE
documents.txt,2424,29,37,DEVICE
documents.txt,2426,4,11,DEVICE
documents.txt,2427,19,27,DEVICE
documents.txt,2428,6,15,DEVICE
documents.txt,2429,0,10,DEVICE
documents.txt,2430,26,35,DEVICE
documents.txt,2431,0,7,DEVICE
documents.txt,2432,25,32,DEVICE
documents.txt,2433,0,7,DEVICE
documents.txt,2434,32,41,DEVICE
documents.txt,2435,10,19,DEVICE
documents.txt,2436,0,8,DEVICE
documents.txt,2437,4,13,DEVICE
documents.txt,2438,0,10,DEVICE
documents.txt,2439,24,33,DEVICE
documents.txt,2440,0,8,DEVICE
documents.txt,2441,0,9,DEVICE
documents.txt,2442,44,53,DEVICE
documents.txt,2443,0,8,DEVICE
documents.txt,2444,0,7,DEVICE
documents.txt,2445,5,14,DEVICE
documents.txt,2446,19,25,DEVICE
documents.txt,2447,18,25,DEVICE
documents.txt,2448,26,35,DEVICE
documents.txt,2449,42,46,DEVICE
documents.txt,2450,0,13,DEVICE
documents.txt,2451,0,8,DEVICE
documents.txt,2452,49,56,DEVICE
documents.txt,2453,22,26,DEVICE
documents.txt,2454,21,28,DEVICE
documents.txt,2455,3,13,DEVICE
documents.txt,2456,22,29,DEVICE
documents.txt,2457,95,104,DEVICE
documents.txt,2458,3,13,DEVICE
documents.txt,2459,22,29,DEVICE
documents.txt,2460,0,7,DEVICE
documents.txt,2461,18,25,DEVICE
documents.txt,2462,5,13,DEVICE
documents.txt,2463,0,10,DEVICE
documents.txt,2464,8,18,DEVICE
documents.txt,2465,0,7,DEVICE
documents.txt,2466,0,8,DEVICE
documents.txt,2467,15,23,DEVICE
documents.txt,2468,17,27,DEVICE
documents.txt,2469,31,38,DEVICE
documents.txt,2470,3,10,DEVICE
documents.txt,2471,2,10,DEVICE
documents.txt,2472,0,7,DEVICE
documents.txt,2473,0,10,DEVICE
documents.txt,2474,0,8,DEVICE
documents.txt,2475,2,10,DEVICE
documents.txt,2477,0,8,DEVICE
documents.txt,2478,21,30,DEVICE
documents.txt,2479,0,11,DEVICE
documents.txt,2480,12,19,DEVICE
documents.txt,2481,3,10,DEVICE
documents.txt,2482,10,18,DEVICE
documents.txt,2483,27,37,DEVICE
documents.txt,2484,0,9,DEVICE
documents.txt,2485,10,20,DEVICE
documents.txt,2486,0,9,DEVICE
documents.txt,2487,14,23,DEVICE
documents.txt,2488,12,19,DEVICE
documents.txt,2489,21,28,DEVICE
documents.txt,2490,0,7,DEVICE
documents.txt,2491,0,7,DEVICE
documents.txt,2492,0,9,DEVICE
documents.txt,2493,0,7,DEVICE
documents.txt,2494,14,23,DEVICE
documents.txt,2495,16,25,DEVICE
documents.txt,2496,0,9,DEVICE
documents.txt,2497,0,13,DEVICE
documents.txt,2498,0,10,DEVICE
documents.txt,2499,0,10,DEVICE
documents.txt,2500,0,7,DEVICE
documents.txt,2501,0,7,DEVICE
documents.txt,2502,17,23,DEVICE
documents.txt,2503,7,17,DEVICE
documents.txt,2504,0,7,DEVICE
documents.txt,2505,10,19,DEVICE
documents.txt,2506,12,19,DEVICE
documents.txt,2507,0,9,DEVICE
documents.txt,2508,12,19,DEVICE
documents.txt,2509,8,17,DEVICE
documents.txt,2510,15,24,DEVICE
documents.txt,2511,0,12,DEVICE
documents.txt,2512,0,8,DEVICE
documents.txt,2513,0,7,DEVICE
documents.txt,2514,34,42,DEVICE
documents.txt,2515,20,27,DEVICE
documents.txt,2516,24,31,DEVICE
documents.txt,2517,0,7,DEVICE
documents.txt,2518,3,11,DEVICE
documents.txt,2519,0,9,DEVICE
documents.txt,2520,0,9,DEVICE
documents.txt,2521,11,18,DEVICE
documents.txt,2522,30,39,DEVICE
documents.txt,2523,3,13,DEVICE
documents.txt,2524,8,18,DEVICE
documents.txt,2525,9,16,DEVICE
documents.txt,2526,9,18,DEVICE
documents.txt,2527,0,8,DEVICE
documents.txt,2528,20,28,DEVICE
documents.txt,2529,23,32,DEVICE
documents.txt,2530,0,4,DEVICE
documents.txt,2531,35,42,DEVICE
documents.txt,2532,15,23,DEVICE
documents.txt,2533,12,20,DEVICE
documents.txt,2534,32,40,DEVICE
documents.txt,2535,15,22,DEVICE
documents.txt,2536,5,12,DEVICE
documents.txt,2537,0,8,DEVICE
documents.txt,2538,17,24,DEVICE
documents.txt,2539,0,8,DEVICE
documents.txt,2540,26,36,DEVICE
documents.txt,2541,36,43,DEVICE
documents.txt,2542,36,45,DEVICE
documents.txt,2543,12,21,DEVICE
documents.txt,2544,30,39,DEVICE
documents.txt,2545,0,8,DEVICE
documents.txt,2546,0,9,DEVICE
documents.txt,2547,0,9,DEVICE
documents.txt,2548,12,19,DEVICE
documents.txt,2549,42,51,DEVICE
documents.txt,2550,0,7,DEVICE
documents.txt,2551,0,9,DEVICE
documents.txt,2552,0,7,DEVICE
documents.txt,2553,89,96,DEVICE
documents.txt,2554,0,7,DEVICE
documents.txt,2555,3,13,DEVICE
documents.txt,2556,0,9,DEVICE
documents.txt,2557,24,34,DEVICE
documents.txt,2558,21,30,DEVICE
documents.txt,2559,8,14,DEVICE
documents.txt,2560,0,9,DEVICE
documents.txt,2561,0,8,DEVICE
documents.txt,2562,0,7,DEVICE
documents.txt,2563,5,12,DEVICE
documents.txt,2564,6,13,DEVICE
documents.txt,2565,12,19,DEVICE
documents.txt,2566,0,9,DEVICE
documents.txt,2567,0,7,DEVICE
documents.txt,2568,26,35,DEVICE
documents.txt,2569,0,7,DEVICE
documents.txt,2570,6,13,DEVICE
documents.txt,2571,18,27,DEVICE
documents.txt,2572,13,22,DEVICE
documents.txt,2573,3,10,DEVICE
documents.txt,2574,0,9,DEVICE
documents.txt,2575,0,14,DEVICE
documents.txt,2576,0,8,DEVICE
documents.txt,2577,16,25,DEVICE
documents.txt,2578,6,15,DEVICE
documents.txt,2579,0,9,DEVICE
documents.txt,2580,0,7,DEVICE
documents.txt,2582,0,7,DEVICE
documents.txt,2583,24,33,DEVICE
documents.txt,2584,21,28,DEVICE
documents.txt,2585,15,24,DEVICE
documents.txt,2586,22,31,DEVICE
documents.txt,2587,0,9,DEVICE
documents.txt,2588,13,20,DEVICE
documents.txt,2589,0,7,DEVICE
documents.txt,2590,0,7,DEVICE
documents.txt,2591,8,15,DEVICE
documents.txt,2592,35,44,DEVICE
documents.txt,2593,3,10,DEVICE
documents.txt,2594,0,7,DEVICE
documents.txt,2595,0,7,DEVICE
documents.txt,2596,21,29,DEVICE
documents.txt,2597,0,9,DEVICE
documents.txt,2599,34,41,DEVICE
documents.txt,2600,5,12,DEVICE
documents.txt,2601,0,8,DEVICE
documents.txt,2602,26,33,DEVICE
documents.txt,2603,0,9,DEVICE
documents.txt,2604,24,33,DEVICE
documents.txt,2605,4,11,DEVICE
documents.txt,2606,72,81,DEVICE
documents.txt,2607,7,15,DEVICE
documents.txt,2608,3,13,DEVICE
documents.txt,2609,15,19,DEVICE
documents.txt,2610,19,28,DEVICE
documents.txt,2611,0,9,DEVICE
documents.txt,2612,23,32,DEVICE
documents.txt,2613,0,9,DEVICE
documents.txt,2614,5,12,DEVICE
documents.txt,2615,0,8,DEVICE
documents.txt,2616,17,25,DEVICE
documents.txt,2617,0,9,DEVICE
documents.txt,2618,18,25,DEVICE
documents.txt,2619,8,18,DEVICE
documents.txt,2620,22,29,DEVICE
documents.txt,2621,0,9,DEVICE
documents.txt,2622,23,32,DEVICE
documents.txt,2623,0,9,DEVICE
documents.txt,2624,25,34,DEVICE
documents.txt,2625,16,23,DEVICE
documents.txt,2626,48,57,DEVICE
documents.txt,2627,30,37,DEVICE
documents.txt,2628,30,38,DEVICE
documents.txt,2629,0,9,DEVICE
documents.txt,2630,0,7,DEVICE
documents.txt,2631,0,9,DEVICE
documents.txt,2632,3,13,DEVICE
documents.txt,2633,0,9,DEVICE
documents.txt,2634,3,13,DEVICE
documents.txt,2635,10,19,DEVICE
documents.txt,2636,25,33,DEVICE
documents.txt,2637,35,42,DEVICE
documents.txt,2638,0,10,DEVICE
documents.txt,2639,15,22,DEVICE
documents.txt,2640,0,8,DEVICE
documents.txt,2641,25,32,DEVICE
documents.txt,2642,27,35,DEVICE
documents.txt,2643,0,7,DEVICE
documents.txt,2644,23,33,DEVICE
documents.txt,2645,6,16,DEVICE
documents.txt,2646,0,7,DEVICE
documents.txt,2647,30,37,DEVICE
documents.txt,2648,32,39,DEVICE
documents.txt,2649,23,32,DEVICE
documents.txt,2650,60,70,DEVICE
documents.txt,2651,14,21,DEVICE
documents.txt,2652,22,30,DEVICE
documents.txt,2653,25,32,DEVICE
documents.txt,2654,17,25,DEVICE
documents.txt,2655,38,47,DEVICE
documents.txt,2656,0,10,DEVICE
documents.txt,2657,0,9,DEVICE
documents.txt,2658,15,22,DEVICE
documents.txt,2659,4,14,DEVICE
documents.txt,2660,32,39,DEVICE
documents.txt,2661,0,9,DEVICE
documents.txt,2662,0,7,DEVICE
documents.txt,2663,21,28,DEVICE
documents.txt,2664,39,48,DEVICE
documents.txt,2665,7,14,DEVICE
documents.txt,2666,0,7,DEVICE
documents.txt,2667,0,7,DEVICE
documents.txt,2668,4,13,DEVICE
documents.txt,2669,45,54,DEVICE
documents.txt,2670,14,22,DEVICE
documents.txt,2671,0,7,DEVICE
documents.txt,2672,22,29,DEVICE
documents.txt,2673,0,8,DEVICE
documents.txt,2674,0,10,DEVICE
documents.txt,2675,21,28,DEVICE
documents.txt,2676,17,26,DEVICE
documents.txt,2677,32,41,DEVICE
documents.txt,2678,27,34,DEVICE
documents.txt,2679,0,8,DEVICE
documents.txt,2680,3,13,DEVICE
documents.txt,2681,5,14,DEVICE
documents.txt,2682,25,34,DEVICE
documents.txt,2683,8,18,DEVICE
documents.txt,2684,11,20,DEVICE
documents.txt,2685,0,7,DEVICE
documents.txt,2686,38,46,DEVICE
documents.txt,2687,3,13,DEVICE
documents.txt,2688,4,12,DEVICE
documents.txt,2689,24,31,DEVICE
documents.txt,2690,0,9,DEVICE
documents.txt,2691,29,36,DEVICE
documents.txt,2692,0,7,DEVICE
documents.txt,2693,2,10,DEVICE
documents.txt,2694,0,7,DEVICE
documents.txt,2695,0,9,DEVICE
documents.txt,2696,4,11,DEVICE
documents.txt,2697,5,13,DEVICE
documents.txt,2698,33,41,DEVICE
documents.txt,2699,17,24,DEVICE
documents.txt,2700,16,24,DEVICE
documents.txt,2701,0,10,DEVICE
documents.txt,2702,32,39,DEVICE
documents.txt,2703,0,8,DEVICE
documents.txt,2704,24,32,DEVICE
documents.txt,2705,0,7,DEVICE
documents.txt,2706,0,9,DEVICE
documents.txt,2707,41,50,DEVICE
documents.txt,2708,3,13,DEVICE
documents.txt,2709,0,9,DEVICE
documents.txt,2710,0,9,DEVICE
documents.txt,2711,19,27,DEVICE
documents.txt,2712,0,13,DEVICE
documents.txt,2713,9,16,DEVICE
documents.txt,2714,23,32,DEVICE
documents.txt,2715,0,7,DEVICE
documents.txt,2716,3,13,DEVICE
documents.txt,2717,0,10,DEVICE
documents.txt,2718,0,9,DEVICE
documents.txt,2719,0,7,DEVICE
documents.txt,2720,4,11,DEVICE
documents.txt,2721,16,23,DEVICE
documents.txt,2722,0,9,DEVICE
documents.txt,2723,0,14,DEVICE
documents.txt,2724,0,7,DEVICE
documents.txt,2725,0,7,DEVICE
documents.txt,2727,0,7,DEVICE
documents.txt,2728,0,9,DEVICE
documents.txt,2729,9,19,DEVICE
documents.txt,2730,4,11,DEVICE
documents.txt,2731,0,10,DEVICE
documents.txt,2732,0,9,DEVICE
documents.txt,2733,0,7,DEVICE
documents.txt,2734,0,7,DEVICE
documents.txt,2735,20,27,DEVICE
documents.txt,2736,22,29,DEVICE
documents.txt,2737,0,9,DEVICE
documents.txt,2738,24,31,DEVICE
documents.txt,2739,0,7,DEVICE
documents.txt,2740,0,7,DEVICE
documents.txt,2741,18,27,DEVICE
documents.txt,2742,0,7,DEVICE
documents.txt,2743,4,11,DEVICE
documents.txt,2744,0,9,DEVICE
documents.txt,2745,0,12,DEVICE
documents.txt,2746,0,7,DEVICE
documents.txt,2747,3,10,DEVICE
documents.txt,2748,0,9,DEVICE
documents.txt,2749,0,9,DEVICE
documents.txt,2750,0,9,DEVICE
documents.txt,2751,0,7,DEVICE
documents.txt,2752,0,8,DEVICE
documents.txt,2753,0,8,DEVICE
documents.txt,2754,0,7,DEVICE
documents.txt,2755,0,10,DEVICE
documents.txt,2756,0,9,DEVICE
documents.txt,2757,45,53,DEVICE
documents.txt,2758,0,8,DEVICE
documents.txt,2759,19,28,DEVICE
documents.txt,2761,0,9,DEVICE
documents.txt,2762,20,27,DEVICE
documents.txt,2763,0,9,DEVICE
documents.txt,2764,0,7,DEVICE
documents.txt,2765,18,27,DEVICE
documents.txt,2766,23,33,DEVICE
documents.txt,2767,38,47,DEVICE
documents.txt,2768,0,8,DEVICE
documents.txt,2769,0,7,DEVICE
documents.txt,2770,44,51,DEVICE
documents.txt,2771,35,44,DEVICE
documents.txt,2772,0,8,DEVICE
documents.txt,2773,32,41,DEVICE
documents.txt,2774,4,11,DEVICE
documents.txt,2775,0,8,DEVICE
documents.txt,2776,0,9,DEVICE
documents.txt,2777,0,7,DEVICE
documents.txt,2778,6,13,DEVICE
documents.txt,2779,0,8,DEVICE
documents.txt,2780,6,13,DEVICE
documents.txt,2781,14,21,DEVICE
documents.txt,2782,0,9,DEVICE
documents.txt,2783,18,27,DEVICE
documents.txt,2784,0,7,DEVICE
documents.txt,2785,19,26,DEVICE
documents.txt,2786,0,9,DEVICE
documents.txt,2787,0,7,DEVICE
documents.txt,2788,0,9,DEVICE
documents.txt,2789,4,13,DEVICE
documents.txt,2790,11,21,DEVICE
documents.txt,2791,0,7,DEVICE
documents.txt,2792,18,27,DEVICE
documents.txt,2793,0,6,DEVICE
documents.txt,2794,5,12,DEVICE
documents.txt,2795,9,16,DEVICE
documents.txt,2796,3,13,DEVICE
documents.txt,2797,19,26,DEVICE
documents.txt,2798,0,9,DEVICE
documents.txt,2799,0,9,DEVICE
documents.txt,2800,29,36,DEVICE
documents.txt,2801,31,38,DEVICE
documents.txt,2802,21,30,DEVICE
documents.txt,2803,0,7,DEVICE
documents.txt,2804,3,13,DEVICE
documents.txt,2805,17,24,DEVICE
documents.txt,2806,19,26,DEVICE
documents.txt,2807,3,13,DEVICE
documents.txt,2808,0,7,DEVICE
documents.txt,2809,13,20,DEVICE
documents.txt,2810,25,34,DEVICE
documents.txt,2811,18,27,DEVICE
documents.txt,2812,3,10,DEVICE
documents.txt,2813,0,9,DEVICE
documents.txt,2814,0,9,DEVICE
documents.txt,2815,0,8,DEVICE
documents.txt,2816,19,26,DEVICE
documents.txt,2817,5,14,DEVICE
documents.txt,2818,21,31,DEVICE
documents.txt,2819,0,9,DEVICE
documents.txt,2820,15,25,DEVICE
documents.txt,2821,0,13,DEVICE
documents.txt,2822,46,55,DEVICE
documents.txt,2823,0,9,DEVICE
documents.txt,2824,0,7,DEVICE
documents.txt,2825,0,7,DEVICE
documents.txt,2826,5,15,DEVICE
documents.txt,2827,0,11,DEVICE
documents.txt,2828,0,7,DEVICE
documents.txt,2829,24,31,DEVICE
documents.txt,2830,0,7,DEVICE
documents.txt,2831,15,24,DEVICE
documents.txt,2832,0,8,DEVICE
documents.txt,2833,22,29,DEVICE
documents.txt,2834,40,47,DEVICE
documents.txt,2835,0,7,DEVICE
documents.txt,2836,9,18,DEVICE
documents.txt,2837,15,19,DEVICE
documents.txt,2838,3,10,DEVICE
documents.txt,2839,45,54,DEVICE
documents.txt,2840,3,13,DEVICE
documents.txt,2841,31,39,DEVICE
documents.txt,2842,0,9,DEVICE
documents.txt,2843,0,9,DEVICE
documents.txt,2844,0,7,DEVICE
documents.txt,2845,5,12,DEVICE
documents.txt,2846,7,15,DEVICE
documents.txt,2847,0,7,DEVICE
documents.txt,2848,33,40,DEVICE
documents.txt,2849,0,8,DEVICE
documents.txt,2850,8,17,DEVICE
documents.txt,2851,16,23,DEVICE
documents.txt,2852,41,50,DEVICE
documents.txt,2853,0,9,DEVICE
documents.txt,2854,39,48,DEVICE
documents.txt,2855,31,43,DEVICE
documents.txt,2856,53,59,DEVICE
documents.txt,2857,0,9,DEVICE
documents.txt,2858,30,39,DEVICE
documents.txt,2859,4,13,DEVICE
documents.txt,2860,3,13,DEVICE
documents.txt,2861,19,27,DEVICE
documents.txt,2862,25,34,DEVICE
documents.txt,2863,21,29,DEVICE
documents.txt,2864,4,13,DEVICE
documents.txt,2865,0,7,DEVICE
documents.txt,2866,16,25,DEVICE
documents.txt,2867,3,13,DEVICE
documents.txt,2868,0,7,DEVICE
documents.txt,2869,17,24,DEVICE
documents.txt,2870,0,8,DEVICE
documents.txt,2871,5,13,DEVICE
documents.txt,2872,3,10,DEVICE
documents.txt,2873,37,41,DEVICE
documents.txt,2874,0,6,DEVICE
documents.txt,2875,11,18,DEVICE
documents.txt,2876,0,9,DEVICE
documents.txt,2877,0,7,DEVICE
documents.txt,2878,0,7,DEVICE
documents.txt,2879,11,18,DEVICE
documents.txt,2880,0,9,DEVICE
documents.txt,2881,0,7,DEVICE
documents.txt,2882,0,7,DEVICE
documents.txt,2883,0,8,DEVICE
documents.txt,2884,34,41,DEVICE
documents.txt,2885,25,34,DEVICE
documents.txt,2886,10,17,DEVICE
documents.txt,2887,0,9,DEVICE
documents.txt,2888,14,22,DEVICE
documents.txt,2889,0,9,DEVICE
documents.txt,2890,0,7,DEVICE
documents.txt,2891,95,104,DEVICE
documents.txt,2892,0,7,DEVICE
documents.txt,2893,0,7,DEVICE
documents.txt,2894,0,8,DEVICE
documents.txt,2895,2,10,DEVICE
documents.txt,2896,15,24,DEVICE
documents.txt,2897,27,36,DEVICE
documents.txt,2898,11,18,DEVICE
documents.txt,2899,0,6,DEVICE
documents.txt,2900,36,44,DEVICE
documents.txt,2901,11,17,DEVICE
documents.txt,2902,57,66,DEVICE
documents.txt,2903,16,25,DEVICE
documents.txt,2904,5,12,DEVICE
documents.txt,2905,0,7,DEVICE
documents.txt,2906,4,13,DEVICE
documents.txt,2907,0,9,DEVICE
documents.txt,2908,21,30,DEVICE
documents.txt,2909,23,31,DEVICE
documents.txt,2910,0,9,DEVICE
documents.txt,2911,35,44,DEVICE
documents.txt,2912,0,9,DEVICE
documents.txt,2913,3,13,DEVICE
documents.txt,2914,16,24,DEVICE
documents.txt,2915,25,36,DEVICE
documents.txt,2916,4,11,DEVICE
documents.txt,2917,27,34,DEVICE
documents.txt,2918,0,7,DEVICE
documents.txt,2919,0,8,DEVICE
documents.txt,2920,8,18,DEVICE
documents.txt,2921,3,13,DEVICE
documents.txt,2922,31,38,DEVICE
documents.txt,2923,17,24,DEVICE
documents.txt,2924,0,8,DEVICE
documents.txt,2925,0,7,DEVICE
documents.txt,2926,0,9,DEVICE
documents.txt,2927,0,7,DEVICE
documents.txt,2928,21,30,DEVICE
documents.txt,2929,27,36,DEVICE
documents.txt,2930,0,7,DEVICE
documents.txt,2931,0,7,DEVICE
documents.txt,2932,0,8,DEVICE
documents.txt,2933,4,13,DEVICE
documents.txt,2934,0,8,DEVICE
documents.txt,2935,23,30,DEVICE
documents.txt,2936,0,7,DEVICE
documents.txt,2937,19,26,DEVICE
documents.txt,2938,0,8,DEVICE
documents.txt,2939,0,10,DEVICE
documents.txt,2940,165,172,DEVICE
documents.txt,2941,0,8,DEVICE
documents.txt,2942,3,13,DEVICE
documents.txt,2943,0,7,DEVICE
documents.txt,2944,0,9,DEVICE
documents.txt,2945,0,10,DEVICE
documents.txt,2946,22,30,DEVICE
documents.txt,2947,23,31,DEVICE
documents.txt,2948,0,7,DEVICE
documents.txt,2949,5,12,DEVICE
documents.txt,2950,0,7,DEVICE
documents.txt,2951,74,83,DEVICE
documents.txt,2952,21,29,DEVICE
documents.txt,2953,27,34,DEVICE
documents.txt,2954,23,32,DEVICE
documents.txt,2955,18,25,DEVICE
documents.txt,2956,0,9,DEVICE
documents.txt,2957,16,23,DEVICE
documents.txt,2958,0,8,DEVICE
documents.txt,2959,0,7,DEVICE
documents.txt,2960,5,13,DEVICE
documents.txt,2961,4,11,DEVICE
documents.txt,2962,9,16,DEVICE
documents.txt,2963,15,23,DEVICE
documents.txt,2964,0,7,DEVICE
documents.txt,2965,14,21,DEVICE
documents.txt,2966,0,8,DEVICE
documents.txt,2967,0,7,DEVICE
documents.txt,2968,23,32,DEVICE
documents.txt,2969,13,22,DEVICE
documents.txt,2970,0,7,DEVICE
documents.txt,2971,3,13,DEVICE
documents.txt,2972,25,33,DEVICE
documents.txt,2973,0,7,DEVICE
documents.txt,2974,13,22,DEVICE
documents.txt,2975,0,9,DEVICE
documents.txt,2976,7,14,DEVICE
documents.txt,2977,0,9,DEVICE
documents.txt,2978,0,9,DEVICE
documents.txt,2979,7,15,DEVICE
documents.txt,2981,19,27,DEVICE
documents.txt,2982,5,9,DEVICE
documents.txt,2983,0,9,DEVICE
documents.txt,2984,0,9,DEVICE
documents.txt,2985,0,8,DEVICE
documents.txt,2986,18,27,DEVICE
documents.txt,2987,0,7,DEVICE
documents.txt,2988,0,7,DEVICE
documents.txt,2989,0,8,DEVICE
documents.txt,2990,0,7,DEVICE
documents.txt,2991,0,10,DEVICE
documents.txt,2992,12,20,DEVICE
documents.txt,2993,27,36,DEVICE
documents.txt,2994,24,31,DEVICE
documents.txt,2995,0,9,DEVICE
documents.txt,2996,0,8,DEVICE
documents.txt,2997,7,14,DEVICE
documents.txt,2998,10,19,DEVICE
documents.txt,2999,18,25,DEVICE
documents.txt,3000,0,7,DEVICE
documents.txt,3001,25,32,DEVICE
documents.txt,3002,0,9,DEVICE
documents.txt,3003,0,9,DEVICE
documents.txt,3004,13,23,DEVICE
documents.txt,3005,3,13,DEVICE
documents.txt,3006,22,29,DEVICE
documents.txt,3007,24,31,DEVICE
documents.txt,3008,0,9,DEVICE
documents.txt,3009,0,7,DEVICE
documents.txt,3010,3,13,DEVICE
documents.txt,3011,7,15,DEVICE
documents.txt,3012,23,30,DEVICE
documents.txt,3013,55,65,DEVICE
documents.txt,3014,0,9,DEVICE
documents.txt,3015,0,7,DEVICE
documents.txt,3016,10,17,DEVICE
documents.txt,3017,0,9,DEVICE
documents.txt,3018,45,54,DEVICE
documents.txt,3020,20,28,DEVICE
documents.txt,3021,13,22,DEVICE
documents.txt,3022,24,32,DEVICE
documents.txt,3023,15,22,DEVICE
documents.txt,3024,18,25,DEVICE
documents.txt,3025,0,7,DEVICE
documents.txt,3026,0,9,DEVICE
documents.txt,3027,0,7,DEVICE
documents.txt,3028,0,9,DEVICE
documents.txt,3029,29,37,DEVICE
documents.txt,3030,3,13,DEVICE
documents.txt,3031,26,34,DEVICE
documents.txt,3032,0,7,DEVICE
documents.txt,3033,11,18,DEVICE
documents.txt,3034,4,13,DEVICE
documents.txt,3035,0,7,DEVICE
documents.txt,3036,35,43,DEVICE
documents.txt,3037,0,8,DEVICE
documents.txt,3038,4,13,DEVICE
documents.txt,3039,0,10,DEVICE
documents.txt,3040,3,13,DEVICE
documents.txt,3041,0,9,DEVICE
documents.txt,3042,0,9,DEVICE
documents.txt,3043,25,34,DEVICE
documents.txt,3044,0,9,DEVICE
documents.txt,3045,0,9,DEVICE
documents.txt,3046,21,30,DEVICE
documents.txt,3047,5,12,DEVICE
documents.txt,3048,14,23,DEVICE
documents.txt,3049,4,13,DEVICE
documents.txt,3050,3,10,DEVICE
documents.txt,3051,12,19,DEVICE
documents.txt,3052,14,21,DEVICE
documents.txt,3053,3,13,DEVICE
documents.txt,3055,3,10,DEVICE
documents.txt,3056,8,15,DEVICE
documents.txt,3057,3,13,DEVICE
documents.txt,3058,36,43,DEVICE
documents.txt,3059,11,18,DEVICE
documents.txt,3060,4,17,DEVICE
documents.txt,3061,0,9,DEVICE
documents.txt,3062,0,7,DEVICE
documents.txt,3063,18,28,DEVICE
documents.txt,3064,8,15,DEVICE
documents.txt,3065,31,39,DEVICE
documents.txt,3066,0,9,DEVICE
documents.txt,3067,18,26,DEVICE
documents.txt,3068,3,10,DEVICE
documents.txt,3069,20,29,DEVICE
documents.txt,3070,24,32,DEVICE
documents.txt,3071,0,8,DEVICE
documents.txt,3072,39,48,DEVICE
documents.txt,3073,0,7,DEVICE
documents.txt,3074,4,11,DEVICE
documents.txt,3075,0,7,DEVICE
documents.txt,3076,35,42,DEVICE
documents.txt,3077,0,9,DEVICE
documents.txt,3078,10,19,DEVICE
documents.txt,3079,29,38,DEVICE
documents.txt,3080,0,7,DEVICE
documents.txt,3081,22,29,DEVICE
documents.txt,3082,0,9,DEVICE
documents.txt,3083,0,7,DEVICE
documents.txt,3084,0,7,DEVICE
documents.txt,3085,4,11,DEVICE
documents.txt,3086,13,19,DEVICE
documents.txt,3087,21,30,DEVICE
documents.txt,3088,4,11,DEVICE
documents.txt,3089,0,9,DEVICE
documents.txt,3090,9,19,DEVICE
documents.txt,3091,0,10,DEVICE
documents.txt,3092,24,31,DEVICE
documents.txt,3093,32,41,DEVICE
documents.txt,3094,0,8,DEVICE
documents.txt,3095,17,26,DEVICE
documents.txt,3096,3,13,DEVICE
documents.txt,3097,5,9,DEVICE
documents.txt,3098,7,14,DEVICE
documents.txt,3099,0,8,DEVICE
documents.txt,3100,0,9,DEVICE
documents.txt,3101,0,7,DEVICE
documents.txt,3102,5,12,DEVICE
documents.txt,3103,0,7,DEVICE
documents.txt,3104,0,8,DEVICE
documents.txt,3105,25,34,DEVICE
documents.txt,3106,31,38,DEVICE
documents.txt,3107,0,7,DEVICE
documents.txt,3108,11,19,DEVICE
documents.txt,3109,0,9,DEVICE
documents.txt,3110,31,38,DEVICE
documents.txt,3111,0,8,DEVICE
documents.txt,3112,0,9,DEVICE
documents.txt,3113,25,32,DEVICE
documents.txt,3114,0,11,DEVICE
documents.txt,3115,6,15,DEVICE
documents.txt,3116,18,26,DEVICE
documents.txt,3117,0,8,DEVICE
documents.txt,3118,10,19,DEVICE
documents.txt,3119,0,9,DEVICE
documents.txt,3120,7,14,DEVICE
documents.txt,3121,0,9,DEVICE
documents.txt,3122,14,21,DEVICE
documents.txt,3123,0,8,DEVICE
documents.txt,3124,0,7,DEVICE
documents.txt,3125,0,7,DEVICE
documents.txt,3126,4,11,DEVICE
documents.txt,3127,26,35,DEVICE
documents.txt,3128,6,15,DEVICE
documents.txt,3129,0,7,DEVICE
documents.txt,3130,0,9,DEVICE
documents.txt,3131,16,26,DEVICE
documents.txt,3132,8,15,DEVICE
documents.txt,3133,17,25,DEVICE
